tag,search_terms
sound absorption,"['acoustic absorbers', 'sound absorption', 'soundproofing']"
thermal and acoustic performance,"['acoustic performance', 'thermal and acoustic performance']"
acoustic products,"['acoustic products', 'eco-friendly acoustic products']"
hemorrhage control,"['acute hemorrhage', 'bleeding control', 'hemorrhage control', 'hemostatic clotting fibers', 'hemostatic treatment', 'severe hemorrhage', 'spill control']"
acute lung injury,"['acute kidney injury', 'acute lung injury']"
air purification,"['advanced filtration', 'air filtration', 'air purification', 'air purifier', 'natural air purification', 'uv air purifiers']"
wound care,"['advanced wound care', 'wound care', 'wound dressings']"
housing affordability,"['affordable housing', 'housing access', 'housing affordability']"
agriculture supply chain,"['agriculture supply chain', 'supply chains']"
air conditioning,"['air conditioning', 'air-conditioning', 'climate control']"
air pollution control,"['air pollution', 'air pollution control', 'pollution control']"
air quality monitoring,"['air quality monitoring', 'air quality sensors', 'air quality tracking']"
indoor air quality solutions,"['air quality solutions', 'indoor air quality', 'indoor air quality monitoring', 'indoor air quality solutions']"
building envelope airtightness,"['air sealants', 'building envelope airtightness']"
airborne pathogens,"['airborne allergens', 'airborne infectious diseases', 'airborne pathogens', 'airborne toxins']"
alarm systems,"['alarm systems', 'security alarms']"
allergen extracts,"['allergen extracts', 'allergy extracts']"
allergy triggers,"['allergens', 'allergy risks', 'allergy triggers']"
allergy care,"['allergy care', 'allergy management', 'allergy treatment plans', 'customized allergy care']"
allergy testing,"['allergy diagnosis', 'allergy testing', 'at-home allergy testing']"
allergy shots,"['allergy shots', 'allergy shots alternative']"
anti-inflammatory therapies,"['anti-inflammatory agents', 'anti-inflammatory therapies']"
antibiotic resistance,"['antibiotic resistance', 'antimicrobial resistance']"
drug-resistant infections,"['antibiotic-resistant infections', 'drug-resistant bacteria', 'drug-resistant infections', 'drug-resistant pathogens']"
ige antibodies,"['antibody therapies', 'ige antibodies']"
antiviral therapies,"['antifungal therapies', 'antiviral drug discovery', 'antiviral therapeutics', 'antiviral therapies', 'fungal infections']"
antimicrobial materials,"['antimicrobial materials', 'antimicrobial plastic', 'antimicrobial textiles']"
antimicrobial surfaces,"['antimicrobial nanosurfaces', 'antimicrobial surfaces']"
antimicrobial solutions,"['antimicrobial solutions', 'microbial solutions']"
uv exposure,"['antioxidants', 'exposure records', 'uv exposure', 'uv index', 'uv protection', 'uv-protective antioxidants']"
depression,"['anxiety', 'depression']"
machine learning,"['artificial intelligence', 'machine learning']"
asbestos inspections,"['asbestos inspections', 'asbestos remediation']"
asthma,"['asthma', 'asthma management']"
physical performance,"['athletic performance', 'physical health', 'physical performance']"
autoimmune reactions,"['autoimmune diseases', 'autoimmune reactions', 'immune responses']"
natural pest control,"['automated pest management', 'biopesticides', 'natural pest control', 'pest control', 'plant pests', 'precision weed control', 'sustainable pest control', 'sustainable pest management']"
irrigation systems,"['automated sprinkler systems', 'irrigation management', 'irrigation systems']"
phage therapies,"['bacteriophage therapies', 'phage therapies']"
battery materials,"['battery materials', 'battery technology', 'lithium-ion batteries']"
cooling solutions,"['bed cooling systems', 'cooling solutions', 'cooling technologies']"
probiotics,"['beneficial microorganisms', 'prebiotics', 'probiotics']"
renewable fuels,"['bio-based fuels', 'renewable', 'renewable energy', 'renewable fuels']"
biochar,"['biochar', 'bioheat']"
biodefense,"['biodefense', 'biodefense threats']"
biodegradable,"['biodegradability', 'biodegradable', 'biodegradable packaging']"
biodiversity conservation,"['biodiversity conservation', 'biodiversity loss', 'wildlife conservation']"
biohazard cleaning,"['biohazard cleaning', 'biohazard events', 'hazardous material cleanup']"
biometric sleep data,"['biometric monitoring', 'biometric sleep data']"
sensors,"['biosensors', 'sensor performance', 'sensors']"
cellular agriculture,"['biotechnology agriculture', 'cellular agriculture']"
wearable technology,"['biowearable technology', 'wearable devices', 'wearable personal monitor', 'wearable technology', 'wearable uv sensors']"
bipolar ionization,"['bipolar ionization', 'ionization']"
breathing exercises,"['breathing exercises', 'breathwork']"
broad-spectrum sun protection,"['broad-spectrum spf', 'broad-spectrum sun protection', 'broad-spectrum uva/uvb protection']"
smart building technology,"['building automation', 'smart building technology']"
resilience building,"['building resiliency', 'resilience building', 'resilience planning']"
building safety,"['building safety', 'construction safety']"
burnout,"['burnout', 'burnout prevention']"
carbon capture,"['carbon capture', 'carbon dioxide capture', 'carbon removal', 'emissions capture']"
carbon dioxide emissions,"['carbon dioxide emissions', 'carbon emissions', 'co2 emissions']"
carbon emission reductions,"['carbon emission reductions', 'carbon reduction', 'emissions reduction']"
carbon footprint,"['carbon footprint', 'carbon-negative footprint']"
disaster response,"['catastrophe response', 'disaster relief', 'disaster response']"
natural supplements,"['cbd supplements', 'dietary supplements', 'natural supplements']"
cdc guidelines,"['cdc guidelines', 'who guidelines']"
chemical dosing,"['chemical dosing', 'chemical injection']"
hazardous chemicals,"['chemical hazards', 'hazardous chemicals', 'hazardous materials incidents', 'hazardous waste', 'hazardous waste management']"
chemical-free water treatment,"['chemical-free', 'chemical-free water treatment']"
child development,"['child development', 'child health']"
chronic disease prevention,"['chronic disease', 'chronic disease management', 'chronic disease prevention']"
commercial cleaning,"['clean cooking', 'commercial cleaning']"
clean water solutions,"['clean water', 'clean water access', 'clean water solutions', 'safe water solutions']"
climate,"['climate', 'weather']"
climate protection,"['climate action', 'climate protection', 'climate technology']"
climate change adaptation,"['climate adaptation', 'climate change adaptation']"
climate change and health,"['climate and health', 'climate change and health']"
climate change,"['climate change', 'climate change impacts', 'climate change research', 'climate crisis', 'climate impact']"
weather data,"['climate data', 'weather data', 'weather forecasting']"
energy resilience,"['climate resilience', 'energy resilience', 'health resilience']"
climate-related risks,"['climate risk', 'climate-related challenges', 'climate-related disasters', 'climate-related risks']"
resilient communities,"['climate-resilient communities', 'resilient communities', 'resilient community']"
clinical trials,"['clinical research', 'clinical studies', 'clinical trials']"
health services,"['clinical services', 'health centers', 'health facilities', 'health services', 'health system', 'health systems', 'home health services', 'mobile health centers']"
cognitive function,"['cognitive function', 'cognitive health']"
cognitive-motor training,"['cognitive training', 'cognitive-motor training']"
cold-chain logistics,"['cold chain shipping', 'cold-chain logistics', 'technology logistics']"
cold therapy,"['cold plasma technology', 'cold therapy']"
color-changing inks,"['color-changing inks', 'photochromic inks']"
commercial hvac,"['commercial hvac', 'hvac', 'residential hvac']"
infectious disease control,"['communicable disease control', 'disease prevention', 'infectious disease control', 'infectious disease management', 'infectious disease prevention', 'infectious disease treatment']"
community development,"['community development', 'community empowerment', 'community engagement', 'community health', 'community health workers', 'community innovation', 'community investment', 'community mental health', 'community organizing', 'community outreach', 'community participation', 'community revitalization', 'community support', 'community well-being', 'community wellness', 'community-based initiatives', 'community-based participatory research', 'culturally inclusive wellness', 'neighborhood revitalization']"
community gardens,"['community gardens', 'community kitchens', 'community solar']"
disaster resilience,"['community resilience', 'disaster resilience', 'disaster risk']"
risk reduction,"['community risk reduction', 'multi-risk prevention', 'risk reduction']"
community safety,"['community safety', 'public safety']"
wildfire prevention,"['community wildfire prevention', 'wildfire ignition', 'wildfire management', 'wildfire mitigation', 'wildfire preparedness', 'wildfire prevention', 'wildfire protection planning', 'wildfire risk mitigation', 'wildfire risks', 'wildfire safety', 'wildfire suppression']"
water conservation,"['community-wide water conservation', 'water conservation', 'water efficiency']"
oral medications,"['compounded medications', 'oral medications', 'oral treatment']"
conflict zones,"['conflict zones', 'humanitarian crises']"
cool sleep environment,"['cool sleep environment', 'sleep climate']"
copper ions,"['copper ions', 'copper-enhanced products']"
infection trends,"['covid-19 infection trends', 'infection trends']"
crisis response,"['crisis intervention', 'crisis response']"
crop protection,"['crop protection', 'rainforest protection']"
culturally sensitive care,"['culturally informed care', 'culturally sensitive care']"
data-driven agriculture,"['data-driven agriculture', 'data-driven decision-making', 'precision agriculture']"
digital mental health,"['digital health', 'digital mental health']"
disaster preparedness,"['disaster management', 'disaster preparedness', 'disaster preparedness training', 'emergency preparedness']"
disease spread,"['disease outbreaks', 'disease spread']"
disinfect surfaces,"['disinfect surfaces', 'self-disinfecting surfaces', 'sterilize surfaces']"
disinfection,"['disinfectants', 'disinfecting', 'disinfection', 'disinfection technology', 'surface disinfection']"
oxygen therapy,"['dissolved oxygen', 'ocean therapy', 'oxygen therapy', 'oxygenation']"
distributed energy resources,"['distributed energy', 'distributed energy resources']"
sustainable drinking water,"['drinking water', 'safe drinking water', 'sustainable clean water', 'sustainable drinking water']"
drought challenges,"['drought challenges', 'drought management']"
ductless systems,"['ducted systems', 'ductless systems']"
eco-friendly materials,"['eco-friendly materials', 'eco-friendly solutions', 'sustainable materials']"
environmental conservation,"['ecological conservation', 'environmental conservation', 'environmental protection']"
environmental restoration,"['ecosystem restoration', 'ecosystems restoration', 'environmental remediation', 'environmental restoration', 'forest restoration']"
heat pumps,"['electric heat pumps', 'heat pump', 'heat pump systems', 'heat pumps', 'heating', 'heating systems']"
electrolyte balance,"['electrolyte balance', 'electrolyte blends', 'electrolyte powders', 'electrolyte replenishment', 'electrolytes', 'hormone balance']"
emergency food programs,"['emergency food programs', 'meal programs']"
safe housing,"['emergency housing', 'emergency shelters', 'healthy homes', 'healthy housing', 'healthy indoor environments', 'safe affordable shelter', 'safe and healthy homes', 'safe housing']"
emergency medical services,"['emergency medical', 'emergency medical coverage', 'emergency medical relief', 'emergency medical services', 'emergency medical supplies', 'emergency operations', 'emergency services', 'medical coverage']"
emergency response,"['emergency response', 'emergency response skills']"
mental health,"['emotional health', 'emotional regulation', 'emotional wellness', 'mental health', 'mental health apps', 'mental health clinic', 'mental health coaching', 'mental health conditions', 'mental health counseling', 'mental health prevention', 'mental health services', 'mental health support', 'mental wellness']"
worker health,"['employee health', 'worker health', 'worker safety', 'workplace safety']"
performance audits,"['energy audits', 'performance audits']"
energy consumption,"['energy consumption', 'energy costs']"
energy-efficient,"['energy efficiency', 'energy management', 'energy-efficient', 'energy-efficient designs', 'energy-efficient heating', 'energy-efficient housing', 'energy-efficient hvac', 'energy-efficient technologies', 'environmentally friendly hvac']"
energy services,"['energy infrastructure', 'energy services']"
energy savings,"['energy savings', 'energy-saving solutions']"
thermal energy storage,"['energy storage', 'heat storage', 'thermal energy storage', 'thermal storage']"
environmentally sustainable,"['energy sustainability', 'environmental sustainability', 'environmentally friendly', 'environmentally responsible', 'environmentally sustainable', 'environmentally sustainable practices', 'sustainability', 'sustainable building practices', 'sustainable energy']"
environmental constraints,"['environmental challenges', 'environmental constraints']"
regulatory compliance,"['environmental compliance', 'epa regulatory compliance', 'regulatory compliance']"
environmental health,"['environmental health', 'environmental health and safety', 'environmental health programs', 'environmental safety']"
environmental health and justice,"['environmental health advocacy', 'environmental health and justice', 'environmental health and justice leadership', 'environmental justice']"
laboratory environmental monitoring,"['environmental monitoring', 'laboratory environmental monitoring']"
environmental site assessments,"['environmental risk assessments', 'environmental site assessments']"
environmental stewardship,"['environmental stewardship', 'water stewardship']"
seismic control,"['erosion control', 'seismic control']"
esg principles,"['esg initiatives', 'esg principles']"
passive cooling,"['evaporative cooling', 'passive cooling']"
severe weather events,"['extreme weather', 'severe weather events']"
wood fiber insulation,"['fiberglass insulation', 'wood fiber insulation']"
smoke alarms,"['fire alarm', 'smoke alarms']"
fire risk,"['fire dangers', 'fire risk']"
fire extinguisher training,"['fire extinguisher training', 'fire extinguishers']"
fire safety,"['fire prevention', 'fire prevention technology', 'fire protection', 'fire protection design', 'fire resistance', 'fire safety', 'fire safety certification', 'fire safety codes', 'fire safety education', 'fire safety emergency service', 'fire safety engineering', 'fire safety equipment', 'fire safety inspection', 'fire safety maintenance', 'fire safety management', 'fire safety reporting', 'fire safety services', 'fire safety solutions', 'fire safety standards', 'fire safety testing', 'fire safety training']"
fire sprinkler systems,"['fire sprinkler systems', 'fire sprinklers']"
fire suppression,"['fire suppression', 'fire suppression hardware', 'fire suppression nozzle', 'fire suppression systems', 'fire suppression technology']"
fire system installation,"['fire system compliance', 'fire system installation']"
smoke-rated systems,"['fire-rated systems', 'smoke-rated systems']"
firefighter equipment,"['firefighter equipment', 'firefighter training']"
firefighting,"['firefighting', 'firefighting techniques']"
non-toxic flame retardants,"['flame retardant', 'non-toxic flame retardants']"
health savings account,"['flexible spending account', 'health savings account']"
flood management,"['flood control', 'flood management', 'flood mitigation']"
flood risk,"['flood resilience', 'flood risk', 'flood threats']"
healthy food access,"['food access', 'healthy food access']"
food allergies,"['food allergies', 'pet allergies']"
food donation,"['food donation', 'food rescue', 'local food donors']"
global partners,"['food industry partners', 'global partners', 'public-private partnerships']"
food security,"['food insecurity', 'food security']"
food pantries,"['food pantries', 'mobile pantries']"
food safety,"['food product contamination', 'food safety']"
food systems,"['food systems', 'food systems transformation', 'sustainable food systems']"
solid waste,"['food waste', 'solid waste', 'water waste']"
sustainable forest health,"['forest health', 'forest management', 'sustainable forest health', 'sustainably managed forests']"
fresh produce,"['fresh fruits', 'fresh produce', 'fresh vegetables']"
geothermal cooling,"['geothermal cooling', 'geothermal heating']"
global health,"['global health', 'global health education', 'global health organizations', 'global health security', 'global health threat']"
rebates,"['grass rebates', 'rebates', 'snap benefits']"
greenhouse gas emissions,"['greenhouse gas assessment', 'greenhouse gas emissions']"
water management,"['groundwater management', 'water management', 'water resource management']"
hazard abatement,"['hazard abatement', 'hazard mitigation']"
hazardous gas detection,"['hazardous gas detection', 'multi-gas detection', 'toxic gas sensors']"
hdpe pipes,"['hdpe pipes', 'high-density polyethylene']"
health status,"['health', 'health status']"
health access,"['health access', 'health security', 'healthcare access']"
health advocacy,"['health advocacy', 'health promotion', 'policy advocacy']"
health and safety compliance,"['health and safety', 'health and safety compliance', 'health and safety programs', 'health compliance', 'safety compliance']"
health risks,"['health challenges', 'health impacts', 'health risks']"
health data,"['health data', 'health data management', 'public health data']"
health equity,"['health disparities', 'health equity']"
health training,"['health education', 'health training']"
health innovation,"['health innovation', 'health technology']"
health monitoring,"['health monitoring', 'metabolic health monitoring', 'public health monitoring']"
pharmaceuticals,"['health products', 'pharmaceuticals']"
health regulations,"['health regulations', 'public health regulations']"
workforce development,"['health workforce development', 'workforce development', 'workforce training', 'workforce well-being']"
healthcare,"['healthcare', 'healthcare delivery', 'healthcare environments', 'healthcare infrastructure', 'healthcare quality', 'quality healthcare']"
healthcare-associated infections,"['healthcare-associated infection', 'healthcare-associated infections', 'hospital-acquired infections']"
heat stress,"['heat stress', 'heat stress prevention']"
thermal transfer,"['heat transfer', 'thermal diffusion', 'thermal transfer']"
heat-related illness,"['heat-related illness', 'heat-related injuries']"
radioactive heavy metals,"['heavy metals removal', 'radioactive heavy metals']"
medical supply delivery,"['home delivery', 'medical supply delivery']"
homelessness health,"['homelessness', 'homelessness health']"
housing insecurity,"['housing crisis', 'housing insecurity', 'housing stability']"
housing equity,"['housing equity', 'water equity']"
housing solutions,"['housing innovation', 'housing modifications', 'housing solutions']"
human health,"['human health', 'one health']"
microbiome,"['human microbiome', 'microbiome', 'microbiome research', 'microbiome therapeutics', 'skin microbiome']"
humidity control,"['humidity', 'humidity control', 'indoor humidity control']"
hunger-relief,"['hunger', 'hunger-relief']"
hydrating sunscreen,"['hydrating', 'hydrating sunscreen', 'hydration', 'tinted sunscreen']"
hydraulic ventilation,"['hydraulic ventilation', 'ventilation']"
immune system,"['immune function', 'immune system']"
immune globulin,"['immune globulin', 'immune globulin products']"
immune system support,"['immune support', 'immune system support']"
immunizations,"['immunization efforts', 'immunizations', 'vaccination', 'vaccines']"
infectious disease diagnostics,"['immunodiagnostics', 'infectious disease diagnostics']"
immunotherapy,"['immunomodulatory therapies', 'immunotherapies', 'immunotherapy', 'immunotherapy drops', 'immunotherapy services']"
impact investing,"['impact investing', 'sustainable investing']"
outdoor allergies,"['indoor allergies', 'outdoor allergies']"
infection control,"['infection control', 'infection management', 'infection prevention']"
infectious diseases,"['infectious disease', 'infectious diseases']"
infectious disease preparedness,"['infectious disease preparedness', 'pandemic preparedness']"
ketamine infusion therapy,"['intravenous therapy', 'ketamine infusion therapy']"
lead exposure,"['lead exposure', 'lead testing']"
lead service lines,"['lead service line', 'lead service lines']"
lung diseases,"['lung disease treatment', 'lung diseases']"
magnesium salts,"['magnesium', 'magnesium salts']"
preventive maintenance,"['maintenance products', 'predictive maintenance', 'preventive care', 'preventive maintenance', 'proactive maintenance']"
maternal and child health,"['maternal and child health', 'maternal health', 'maternal-child health']"
medical devices,"['medical device infections', 'medical devices']"
microbial testing,"['microbial diversity', 'microbial genomics', 'microbial testing']"
microgrid solutions,"['microgrid solutions', 'microgrids']"
microplastic filters,"['microplastic filters', 'microplastic pollution', 'nanotechnology filtration']"
molecular diagnostic test,"['mobile molecular diagnostic', 'molecular diagnostic test', 'rapid diagnostic testing']"
mold assessments,"['mold assessments', 'mold evaluations']"
mold prevention,"['mold prevention', 'mold remediation']"
mucosal barriers,"['mucosal barriers', 'mucosal immunity', 'mucosal membranes']"
nasal congestion,"['nasal congestion', 'nasal health']"
nasal sprays,"['nasal spray vaccines', 'nasal sprays', 'personalized nasal spray']"
natural resources management,"['natural resources', 'natural resources management']"
sepsis diagnostic,"['neonatal sepsis', 'sepsis diagnostic']"
nitrogen oxide reduction,"['nitrogen generation', 'nitrogen oxide reduction']"
noise barriers,"['noise barriers', 'noise control']"
non-invasive neuromodulation,"['non-invasive neuromodulation', 'transcranial magnetic stimulation']"
nutrient recovery,"['nutrient extraction', 'nutrient recovery']"
nutrition incentive,"['nutrition', 'nutrition incentive', 'nutritional support']"
occupational safety,"['occupational health', 'occupational safety']"
odor elimination,"['odor control', 'odor elimination']"
opioid withdrawal,"['opioid use', 'opioid withdrawal']"
rapid rehydration,"['oral rehydration', 'rapid rehydration']"
osha guidelines,"['osha compliance', 'osha guidelines']"
particulate matter monitoring,"['particulate matter', 'particulate matter management', 'particulate matter monitoring']"
pathogen control,"['pathogen control', 'pathogen mitigation', 'pathogen suppression']"
pfas contamination,"['pfas contamination', 'pfas destruction', 'pfas treatment']"
plastic waste,"['plastic recycling', 'plastic waste', 'plastic waste reduction']"
plumbing services,"['plumbing', 'plumbing services', 'plumbing solutions']"
water leak detection,"['plumbing leaks', 'water leak detection']"
public health,"['population health', 'public health', 'public health protection']"
potassium,"['potassium', 'sodium']"
primary care,"['primary care', 'primary healthcare']"
ptsd,"['ptsd', 'ptsd support', 'secondary traumatic stress']"
pulmonary fibrosis,"['pulmonary fibrosis', 'pulmonary hypertension']"
remote monitoring,"['real-time monitoring', 'remote monitoring', 'remote patient monitoring']"
recovery,"['recovery', 'rehabilitation']"
recycling,"['recyclable', 'recyclable packaging', 'recycling', 'recycling services']"
regenerative practices,"['regenerative agriculture', 'regenerative practices']"
telehealth,"['remote healthcare', 'telehealth', 'telemedicine']"
respiratory viral infections,"['respiratory diseases', 'respiratory infection testing', 'respiratory infections', 'respiratory vaccines', 'respiratory viral infections', 'viral infections', 'viral pathogens', 'viral respiratory infections']"
respiratory health,"['respiratory function', 'respiratory health']"
universal vaccines,"['rna vaccines', 'universal vaccines']"
safety checks,"['safety assessments', 'safety checks']"
skin damage,"['skin cancer', 'skin damage', 'skin diseases', 'skin health']"
sleep quality,"['sleep improvement', 'sleep quality', 'sleep support']"
social determinants,"['social determinants', 'social determinants of health', 'socioeconomic factors']"
soil cleanup,"['soil cleanup', 'soil remediation']"
soil health,"['soil health', 'soil quality data']"
solar energy system,"['solar energy', 'solar energy system', 'solar home systems', 'solar power', 'solar systems']"
solar services,"['solar services', 'solar solutions']"
spray foam insulation,"['spray applied fireproofing', 'spray foam insulation']"
stormwater,"['stormwater', 'stormwater authority', 'stormwater management', 'stormwater systems']"
stress management,"['stress', 'stress management', 'stress relief', 'stress response']"
sun protection,"['sun care routines', 'sun protection', 'sun safety', 'sunburn prevention']"
sustainable agriculture,"['sustainable agriculture', 'sustainable farming']"
sustainable growth,"['sustainable business', 'sustainable economy', 'sustainable growth']"
sustainable housing,"['sustainable housing', 'sustainable housing policies', 'sustainable living']"
thermal management,"['temperature control', 'temperature regulation', 'temperature scheduling', 'thermal comfort', 'thermal management', 'thermal performance', 'thermal regulation']"
thermal shock,"['thermal defects', 'thermal shock']"
thermal insulation,"['thermal insulation', 'thermal insulation coatings', 'thermal insulation materials', 'thermal resistance']"
zinc oxide,"['titanium dioxide', 'zinc', 'zinc oxide']"
waste reduction,"['toxic waste reduction', 'waste reduction']"
trauma management,"['trauma', 'trauma kits', 'trauma management']"
trauma-informed therapy,"['trauma-informed care', 'trauma-informed therapy']"
uv-c light purification,"['ultraviolet light', 'uv germicidal lights', 'uv-c led', 'uv-c light purification', 'uv-c technology']"
underserved populations,"['underserved populations', 'vulnerable populations']"
urban agriculture,"['urban agriculture', 'urban farming', 'urban forestry']"
vaccine development,"['vaccine access', 'vaccine delivery', 'vaccine development', 'vaccine distribution', 'vaccine formulation', 'vaccine manufacturing', 'vaccine platforms', 'vaccine research']"
vibration damping,"['vibration damping', 'vibration isolation']"
vitamin c,"['vitamin c', 'vitamin d', 'vitamin therapy']"
wash,"['wash', 'wash solutions']"
wastewater treatment,"['wastewater management', 'wastewater solutions', 'wastewater treatment']"
water quality monitoring,"['wastewater monitoring', 'water chemistry', 'water contamination', 'water contamination monitoring', 'water monitoring', 'water quality', 'water quality management', 'water quality monitoring', 'water standards']"
water sanitation,"['water and sanitation', 'water sanitation', 'water sanitation hygiene']"
water scarcity,"['water crisis', 'water scarcity']"
water damage restoration,"['water damage mitigation', 'water damage restoration']"
water data analytics,"['water data analytics', 'water level data']"
water purification,"['water filtration', 'water purification', 'water purification systems']"
water infrastructure resilience,"['water infrastructure', 'water infrastructure durability', 'water infrastructure resilience']"
water programs,"['water programs', 'water projects']"
water reclamation,"['water reclamation', 'water reuse']"
water risk management,"['water risk', 'water risk management']"
water service,"['water service', 'water supply', 'water utilities']"
water system optimization,"['water system management', 'water system optimization']"
water treatment,"['water treatment', 'water treatment plant', 'water treatment technologies']"
waterproof capabilities,"['water-resistant', 'waterproof capabilities']"
waterborne pathogens,"['waterborne diseases', 'waterborne pathogens']"
wildfire alerts,"['wildfire alerts', 'wildfire detection']"
