Source,Target
Funding,Staff capacity
Funding,Training programs
Funding,Data sharing
Leadership buy-in,Staff capacity
Leadership buy-in,Clear policies
Leadership buy-in,Data sharing
Staff capacity,Training programs
Staff capacity,Service quality
Staff capacity,Volunteer retention
Clear policies,Data sharing
Clear policies,Service quality
Training programs,Service quality
Training programs,Volunteer retention
Data sharing,Service quality
Service quality,Community trust
Service quality,Public awareness
Community trust,Volunteer retention
Public awareness,Community trust
