Source,Target,weight
0,622,0.9045340337332909
1,1921,0.8819171036881968
2,1090,0.9045340337332909
3,324,0.8660254037844386
4,35,0.9090909090909092
5,1018,0.8432740427115678
6,1132,0.9534625892455925
6,1920,0.9198662110077999
7,980,0.9166666666666665
8,757,0.9486832980505138
9,1464,0.7559289460184544
10,44,0.9090909090909092
10,239,0.8703882797784892
11,551,0.816496580927726
11,1014,0.8888888888888888
12,45,0.9607689228305228
12,152,0.9166666666666665
13,1822,0.8528028654224418
14,448,0.9428090415820634
15,1857,0.894427190999916
16,1709,0.9258200997725514
17,620,0.8864052604279183
18,578,1.0
18,702,0.9045340337332909
19,1874,0.8249579113843054
20,1919,0.957427107756338
21,979,0.9258200997725513
22,1445,0.8807048459279792
22,1787,0.9128709291752768
23,572,0.9166666666666665
24,529,0.9428090415820634
25,1026,0.9198662110077999
26,707,0.8451542547285166
27,1535,0.8432740427115678
28,809,0.9258200997725514
29,1407,0.8528028654224418
30,396,0.8750000000000001
30,1028,0.9428090415820634
31,46,0.8888888888888888
32,1911,0.894427190999916
33,69,0.9428090415820634
34,432,0.8750000000000001
35,706,0.957427107756338
36,388,0.9534625892455924
37,1841,0.9090909090909092
38,941,0.8362420100070909
39,735,0.9534625892455924
40,85,0.9230769230769231
41,905,0.9
42,1734,0.9
42,1937,0.9
43,865,0.8750000000000001
44,10,0.9090909090909092
44,521,0.8703882797784892
45,12,0.9607689228305228
45,1217,0.9230769230769231
46,31,0.8888888888888888
46,642,0.9428090415820634
47,329,0.9486832980505138
48,973,0.8181818181818182
49,1518,0.9045340337332909
50,332,0.9486832980505138
51,410,0.8528028654224418
52,484,0.9013878188659974
53,178,0.9128709291752769
53,1206,1.0
54,617,0.8362420100070909
55,635,0.8888888888888888
56,1490,0.8660254037844386
57,797,0.9166666666666665
58,1689,0.8819171036881968
59,880,0.8819171036881966
59,928,0.8660254037844386
60,1036,0.9
61,188,0.8970852271450604
62,188,0.9309493362512627
63,708,0.9607689228305228
63,934,0.9607689228305228
64,886,0.8888888888888888
65,1468,0.8807048459279792
66,1345,1.0
66,1823,0.957427107756338
67,1224,0.8750000000000001
68,1451,0.8703882797784892
69,1389,0.9486832980505138
70,813,0.8593378488473195
71,1812,0.8164965809277259
72,1704,0.9636241116594316
72,1728,1.0000000000000002
73,780,0.9198662110077999
74,956,0.8432740427115678
75,633,0.8703882797784892
75,645,0.8703882797784892
76,125,0.9534625892455924
76,660,0.9
77,995,0.9
78,1728,0.9258200997725514
79,826,0.8333333333333334
80,896,0.957427107756338
81,1499,0.9486832980505138
82,1467,0.9090909090909092
83,375,0.8819171036881968
83,1064,0.9354143466934853
84,1341,0.9486832980505138
85,40,0.9230769230769231
85,484,0.9230769230769231
86,380,0.9128709291752769
87,788,0.9428090415820634
87,1399,0.9354143466934852
88,529,0.9486832980505138
88,1073,0.9486832980505138
89,659,0.9
90,1208,0.894427190999916
91,625,0.8486684247915054
92,823,0.894427190999916
92,917,0.9
93,920,0.9309493362512627
94,1502,0.9
94,1946,0.8581163303210332
95,1523,0.8432740427115678
96,1750,0.8888888888888888
97,1767,0.8581163303210332
98,580,0.8581163303210332
99,1417,0.9428090415820634
99,1525,0.9428090415820634
100,1704,0.9607689228305228
101,1260,0.9
102,113,0.9486832980505138
103,456,0.8432740427115678
104,1237,0.9258200997725513
105,1889,0.8660254037844386
106,1083,0.8970852271450604
106,1747,0.9258200997725514
107,947,0.9045340337332909
108,418,0.8593378488473195
109,811,0.9534625892455925
110,12,0.8807048459279792
111,546,0.9045340337332909
112,116,0.8249579113843054
113,949,0.9534625892455924
114,163,0.9
115,519,0.9090909090909092
115,1562,0.9534625892455925
116,1405,0.8432740427115678
117,1407,0.9045340337332909
118,518,0.957427107756338
118,1296,1.0
119,207,0.9607689228305228
120,377,0.9090909090909092
120,595,0.9045340337332909
121,176,0.9230769230769231
121,1650,0.9607689228305228
122,1177,0.9045340337332909
122,1437,0.8660254037844386
123,54,0.7396002616336388
124,705,0.8703882797784892
125,76,0.9534625892455925
125,660,0.9534625892455925
126,283,0.957427107756338
126,1244,0.957427107756338
127,1034,0.8366600265340755
128,1338,0.9128709291752768
128,1870,0.8703882797784892
129,132,1.0
129,289,0.9534625892455924
130,1606,0.8888888888888888
131,1281,0.8703882797784892
132,129,1.0
132,289,0.9534625892455924
133,1516,0.9
134,1403,0.9090909090909092
134,1813,0.9534625892455925
135,1131,0.8819171036881968
135,1856,0.9354143466934853
136,1080,0.9607689228305228
136,1308,0.9198662110077999
137,605,0.957427107756338
137,1506,0.9999999999999999
138,311,0.9
139,691,0.9166666666666665
139,1441,0.8703882797784892
140,1344,0.8819171036881968
141,791,0.9607689228305228
141,1008,0.957427107756338
142,603,0.9090909090909092
143,1926,0.8581163303210332
144,439,0.894427190999916
145,1106,0.8819171036881968
146,1627,0.9428090415820634
146,1853,0.9486832980505138
147,394,1.0
147,875,0.9428090415820634
148,839,0.9128709291752769
149,959,0.957427107756338
150,793,0.9428090415820634
150,1440,0.8750000000000001
151,298,0.9045340337332909
151,1224,0.9428090415820634
152,12,0.9166666666666665
153,719,0.8581163303210332
154,116,0.8249579113843054
155,887,0.9428090415820634
156,623,0.9045340337332909
157,1870,0.8362420100070909
158,908,0.8770580193070293
158,1385,0.894427190999916
159,229,0.8432740427115678
160,863,0.9607689228305228
161,1891,0.8581163303210332
162,922,0.8333333333333333
163,114,0.9
163,1869,0.9
164,353,1.0
164,554,0.9486832980505138
165,362,0.9045340337332909
166,1890,0.8040302522073697
167,648,0.8770580193070293
168,1708,0.9045340337332909
169,1270,0.9128709291752769
170,407,0.9428090415820634
170,1720,0.894427190999916
171,1483,0.9258200997725514
172,709,0.7385489458759964
173,262,0.9198662110077999
173,1699,0.9607689228305228
174,33,0.9428090415820634
175,994,0.9428090415820634
176,121,0.9230769230769231
177,1198,0.9198662110077999
178,291,0.9166666666666665
179,572,0.9166666666666665
179,1670,0.8703882797784892
180,1134,0.8362420100070909
180,1934,0.8581163303210332
181,1706,0.9230769230769231
182,1707,0.8006407690254357
183,1715,0.9354143466934853
184,1662,0.894427190999916
185,1632,0.9428090415820634
186,337,0.9045340337332909
187,1241,0.9090909090909092
188,1392,0.9309493362512626
189,466,0.8807048459279792
190,853,1.0
190,1632,0.9486832980505138
191,1428,0.9198662110077999
192,619,0.957427107756338
192,1204,0.9166666666666665
193,405,0.9128709291752769
193,471,0.9486832980505138
194,715,0.9166666666666665
195,710,0.9166666666666665
196,600,0.8333333333333333
197,1523,0.8249579113843054
198,1533,0.894427190999916
198,1694,0.9428090415820634
199,1608,0.8432740427115678
200,1316,0.9198662110077999
201,921,0.8819171036881966
202,1360,0.9607689228305228
203,371,0.7627700713964739
204,1154,0.9045340337332909
205,437,0.9166666666666665
205,1026,0.9607689228305228
206,1000,0.9258200997725514
206,1310,0.8807048459279792
207,240,0.9607689228305228
207,393,0.9607689228305228
208,1239,0.9198662110077999
208,1432,0.9230769230769231
209,1711,0.8660254037844387
210,723,0.9230769230769231
211,994,0.9428090415820634
212,402,0.8819171036881968
213,788,0.8819171036881968
214,875,0.894427190999916
214,1915,0.9
215,1505,0.8807048459279792
216,682,0.8461538461538461
217,896,0.9534625892455924
218,1578,0.894427190999916
219,678,0.9285714285714286
219,1210,0.9636241116594316
220,745,0.9607689228305228
220,1392,1.0000000000000002
221,1116,0.8703882797784892
222,1527,0.9128709291752769
223,1112,0.9486832980505138
224,1316,0.9534625892455924
225,980,0.957427107756338
226,598,0.9013878188659974
227,249,0.9230769230769231
228,1665,0.9090909090909092
229,1090,0.9534625892455924
229,1260,0.9
230,1878,0.9045340337332909
231,1599,0.957427107756338
232,193,0.9128709291752768
233,1790,0.957427107756338
234,702,0.8040302522073697
235,1225,0.894427190999916
236,355,0.9230769230769231
236,1666,0.9198662110077999
237,1096,0.9486832980505138
237,1182,0.9
238,896,0.9090909090909092
239,1245,0.9258200997725514
239,1953,0.9166666666666665
240,207,0.9607689228305228
240,1307,0.9309493362512627
241,1513,0.9534625892455924
242,1733,0.816496580927726
243,169,0.894427190999916
243,1125,0.9428090415820634
244,809,0.8703882797784892
244,1891,0.9090909090909092
245,1397,0.8581163303210332
246,518,0.9166666666666665
247,1807,0.8819171036881966
248,225,0.9534625892455924
249,227,0.9230769230769231
249,1469,0.9230769230769231
250,489,0.8461538461538461
251,265,0.9230769230769231
252,163,0.8581163303210332
253,1201,0.8528028654224418
254,1173,0.9
254,1323,0.9534625892455924
255,657,0.9198662110077999
256,968,0.8528028654224418
256,1026,0.8362420100070909
257,556,0.9128709291752769
258,337,0.9045340337332909
259,546,0.8581163303210332
259,584,0.8581163303210332
260,425,0.894427190999916
261,1817,0.8703882797784892
262,173,0.9198662110077999
262,1368,0.9534625892455925
263,1734,0.9486832980505138
264,655,0.8581163303210332
264,1594,0.9
265,1299,0.9607689228305228
266,1317,0.8362420100070909
267,962,0.9534625892455924
268,561,0.9128709291752768
269,1343,0.957427107756338
269,1423,1.0
270,60,0.8432740427115678
270,564,0.9428090415820634
271,930,0.9128709291752768
272,1297,0.9486832980505138
272,1907,0.9128709291752769
273,319,0.9534625892455925
273,780,0.9090909090909092
274,1177,0.8864052604279185
275,607,0.9354143466934853
276,1243,0.8432740427115678
277,303,0.9
277,387,0.9534625892455924
278,45,0.8807048459279792
279,673,0.9428090415820634
280,1360,0.9198662110077999
281,1192,0.7893522173763263
282,53,0.8432740427115678
283,126,0.957427107756338
284,554,0.894427190999916
285,185,0.8750000000000001
286,813,0.9230769230769231
287,437,0.8807048459279792
288,1779,0.9428090415820634
289,132,0.9534625892455925
289,1334,1.0
290,896,0.9090909090909092
291,1157,0.957427107756338
292,20,0.957427107756338
292,1682,1.0
293,1178,0.894427190999916
294,1677,0.8333333333333333
295,1421,0.8894991799933215
296,1127,0.9090909090909092
296,1571,0.9534625892455925
297,1772,0.9
298,1185,0.9534625892455925
299,1773,0.894427190999916
300,1878,0.8864052604279185
301,825,0.8770580193070293
302,231,0.9045340337332909
303,277,0.9
304,366,0.8819171036881968
305,778,0.9607689228305228
305,1123,0.9230769230769231
306,1275,0.8888888888888888
307,362,0.957427107756338
307,684,0.9166666666666665
308,1707,0.8660254037844386
309,1889,0.8660254037844386
310,732,0.9230769230769231
310,1369,0.8894991799933215
311,138,0.9
311,371,0.9534625892455924
312,16,0.8451542547285167
312,1771,0.894427190999916
313,275,0.9354143466934852
314,278,0.8703882797784892
315,1084,0.9045340337332909
316,1704,0.9198662110077999
317,287,0.8461538461538461
318,1276,0.8894991799933215
319,273,0.9534625892455924
319,780,0.9534625892455924
320,1369,0.9258200997725514
321,505,0.9534625892455924
322,1217,0.8807048459279792
323,1069,0.894427190999916
324,1110,0.894427190999916
324,1795,0.9428090415820634
325,222,0.8
326,1028,0.8819171036881968
327,1785,0.8750000000000001
328,885,0.9045340337332909
329,1601,0.9534625892455924
330,1067,0.9428090415820634
330,1867,0.9045340337332909
331,1169,0.9534625892455924
332,50,0.9486832980505138
332,470,0.9534625892455924
333,1,0.8017837257372732
334,437,0.8807048459279792
335,1729,0.9090909090909092
336,298,0.9534625892455924
337,1069,0.9534625892455925
337,1939,0.957427107756338
338,1254,0.8750000000000001
339,499,0.9128709291752769
339,524,0.9534625892455924
340,606,0.9534625892455924
340,942,0.9534625892455924
341,662,0.9534625892455924
341,1162,0.9128709291752769
342,1578,0.8432740427115678
343,1331,0.9486832980505138
343,1551,0.9534625892455924
344,1428,0.9045340337332909
345,445,0.9428090415820634
345,1461,0.894427190999916
346,1665,0.9090909090909092
347,1243,0.8432740427115678
348,839,0.9166666666666665
349,285,0.8750000000000001
350,260,0.8750000000000001
351,1026,0.7844645405527362
352,1843,0.9486832980505138
353,164,1.0
353,554,0.9486832980505138
354,225,0.957427107756338
355,236,0.9230769230769231
355,548,0.9198662110077999
356,928,0.9607689228305228
356,1817,0.9607689228305228
357,842,0.9607689228305228
357,1406,0.957427107756338
358,841,0.9090909090909092
359,1939,0.9128709291752769
360,386,0.8685990362153793
361,308,0.8249579113843054
362,307,0.957427107756338
362,1509,0.9534625892455925
363,738,0.8703882797784892
364,1569,0.9486832980505138
364,1626,1.0
365,231,0.9045340337332909
365,1892,0.9428090415820634
366,905,0.9486832980505138
366,1516,0.9486832980505138
367,666,0.9090909090909092
367,827,0.9045340337332909
368,86,0.9
369,346,0.9090909090909092
370,1348,0.9607689228305228
370,1732,0.9607689228305228
371,311,0.9534625892455925
371,653,0.8703882797784892
372,1090,0.9045340337332909
373,506,0.9090909090909092
374,1477,0.8750000000000001
375,903,0.9486832980505138
376,688,0.9090909090909092
376,766,0.9090909090909092
377,120,0.9090909090909092
377,595,0.9045340337332909
378,1297,0.8888888888888888
379,1365,0.9166666666666665
379,1681,0.9607689228305228
380,1466,0.9166666666666665
381,1394,0.9333333333333332
382,705,0.8703882797784892
383,799,0.8894991799933215
384,1210,0.9198662110077999
385,751,0.9486832980505138
386,370,0.9013878188659974
386,1315,0.9375
387,277,0.9534625892455925
387,723,0.9198662110077999
388,36,0.9534625892455925
388,1110,0.9534625892455925
389,1194,0.8581163303210332
390,1265,0.8944271909999157
391,1418,0.9090909090909092
392,589,0.7893522173763263
393,207,0.9607689228305228
394,147,1.0
394,890,0.9428090415820634
395,580,0.8703882797784892
396,385,0.9428090415820634
397,947,0.8581163303210332
398,1724,0.8581163303210332
399,45,0.9198662110077999
399,1873,0.9534625892455925
400,1778,1.0
400,1922,1.0
401,1483,0.957427107756338
402,524,0.9045340337332909
403,599,0.9128709291752769
404,1637,0.8164965809277259
405,193,0.9128709291752768
406,845,0.9486832980505138
407,170,0.9428090415820634
407,1518,0.9045340337332909
408,1349,0.957427107756338
408,1811,0.957427107756338
409,749,0.9166666666666665
410,217,0.894427190999916
411,1246,0.8888888888888888
412,1,0.8017837257372732
413,1181,0.9486832980505138
413,1552,0.9045340337332909
414,570,0.9534625892455924
414,867,0.9534625892455924
415,568,0.9128709291752769
416,12,0.9166666666666665
417,593,0.894427190999916
418,466,1.0000000000000002
418,550,0.9230769230769231
419,961,0.7745966692414833
419,1456,0.9999999999999999
420,851,0.9428090415820634
421,1636,0.8894991799933215
422,625,0.8864052604279183
423,1007,0.894427190999916
424,582,0.9128709291752769
424,779,0.8581163303210332
425,648,0.9
425,1857,0.9
426,408,0.9090909090909092
427,1020,0.9354143466934853
428,662,0.9090909090909092
429,680,0.7500000000000001
430,1406,0.957427107756338
431,624,0.9
432,414,0.894427190999916
433,332,0.894427190999916
434,949,0.9090909090909092
435,1700,0.9258200997725514
436,1180,0.9166666666666665
437,28,0.9258200997725514
437,540,0.957427107756338
438,1260,0.9
439,1811,0.9128709291752769
440,1542,0.8864052604279183
441,185,0.894427190999916
442,706,0.9166666666666665
442,723,0.9607689228305228
443,291,0.9166666666666665
443,1863,0.9607689228305228
444,935,0.957427107756338
444,1471,0.9258200997725514
445,228,0.9045340337332909
445,345,0.9428090415820634
446,362,0.9045340337332909
447,466,0.9230769230769231
448,14,0.9428090415820634
448,944,1.0000000000000002
449,907,0.9486832980505138
449,1372,0.9534625892455924
450,1094,0.9354143466934852
450,1827,0.9354143466934852
451,1500,0.9486832980505138
451,1658,0.8819171036881966
452,1295,0.8894991799933215
452,1568,0.9258200997725514
453,658,0.9166666666666665
454,973,0.9045340337332909
455,1639,0.9534625892455924
456,359,0.8432740427115678
457,902,0.8807048459279792
458,188,0.8944271909999157
459,1637,0.8819171036881968
460,963,0.9090909090909092
460,1189,0.9534625892455925
461,694,0.9428090415820634
461,905,0.894427190999916
462,155,0.8750000000000001
462,1951,0.8750000000000001
463,863,0.9230769230769231
464,99,0.8660254037844386
465,644,0.9486832980505138
466,418,1.0000000000000002
466,447,0.9230769230769231
467,142,0.9090909090909092
468,53,0.8432740427115678
469,730,0.9166666666666665
469,1433,0.9999999999999999
470,332,0.9534625892455925
470,1276,0.9198662110077999
471,193,0.9486832980505138
471,1723,0.8888888888888888
472,913,0.9
473,249,0.9230769230769231
474,310,0.8894991799933215
475,1376,0.9486832980505138
476,1573,0.894427190999916
477,590,0.8819171036881968
478,743,0.8581163303210332
479,1788,0.8181818181818182
480,62,0.9198662110077999
480,1537,0.9534625892455925
481,1935,0.8660254037844386
482,991,0.9128709291752769
483,1092,0.8249579113843054
484,52,0.9013878188659974
484,85,0.9230769230769231
485,1432,0.8894991799933215
485,1530,0.9354143466934854
486,573,0.9166666666666665
486,1480,0.8703882797784892
487,1055,0.8581163303210332
487,1408,0.894427190999916
488,1365,0.957427107756338
489,504,0.9198662110077999
490,784,0.9486832980505138
491,463,0.9198662110077999
492,699,0.9166666666666665
493,1129,0.894427190999916
494,1718,0.9128709291752768
494,1822,0.957427107756338
495,1551,0.9045340337332909
496,1903,0.9354143466934853
497,544,0.8888888888888888
497,1641,0.9486832980505138
498,100,0.957427107756338
499,1860,0.957427107756338
500,640,0.9166666666666665
501,1432,0.9230769230769231
501,1758,0.9230769230769231
502,1175,0.8660254037844386
502,1791,0.8040302522073697
503,81,0.8888888888888888
504,489,0.9198662110077999
504,1709,0.957427107756338
505,1811,0.957427107756338
506,898,0.9198662110077999
506,1882,0.9534625892455925
507,583,0.8432740427115678
508,996,0.8581163303210332
509,494,0.9128709291752769
510,914,0.8017837257372731
511,1812,0.8819171036881968
511,1833,0.8571428571428569
512,1076,0.8432740427115678
513,934,0.9230769230769231
514,428,0.8040302522073697
514,1139,0.816496580927726
515,1527,0.957427107756338
516,1011,0.8432740427115678
517,1030,0.7826237921249264
518,118,0.957427107756338
519,115,0.9090909090909092
520,991,0.7637626158259732
521,283,0.9166666666666665
522,923,0.957427107756338
522,1580,0.9607689228305228
523,1102,0.9607689228305228
524,339,0.9534625892455925
524,1681,0.9198662110077999
525,435,0.8703882797784892
526,1166,0.8819171036881968
527,569,0.7777777777777777
527,683,0.7777777777777777
528,332,0.9486832980505138
529,88,0.9486832980505138
529,1069,0.9486832980505138
530,1364,0.957427107756338
530,1728,0.9258200997725514
531,1544,0.9333333333333332
532,1676,0.9258200997725513
532,1783,0.8819171036881968
533,863,0.9607689228305228
534,208,0.8807048459279792
535,900,0.8750000000000001
536,439,0.894427190999916
537,651,0.8819171036881966
538,668,0.9045340337332909
539,1743,0.8333333333333333
540,28,0.8864052604279183
540,437,0.957427107756338
541,487,0.7627700713964739
542,1028,0.8888888888888888
543,1523,0.8888888888888888
543,1857,0.9486832980505138
544,655,0.9045340337332909
545,706,0.9999999999999999
545,1920,0.9607689228305228
546,20,0.957427107756338
546,1919,1.0
547,1607,0.8581163303210332
548,782,0.957427107756338
549,236,0.8770580193070293
549,1847,0.9
550,466,0.9230769230769231
551,631,0.8660254037844386
552,645,0.8660254037844386
553,1764,0.8819171036881968
554,164,0.9486832980505138
555,1513,0.9090909090909092
556,949,0.957427107756338
557,219,0.8864052604279183
557,1317,0.9090909090909092
558,619,0.9534625892455924
559,236,0.9198662110077999
560,430,0.957427107756338
561,268,0.9128709291752769
561,1379,0.9534625892455924
562,1192,0.9198662110077999
563,1192,0.8807048459279792
564,60,0.894427190999916
564,270,0.9428090415820634
565,1840,0.957427107756338
566,1353,0.894427190999916
567,1774,0.9258200997725513
567,1874,0.8819171036881968
568,291,0.9166666666666665
569,527,0.7777777777777777
569,862,0.7378647873726217
570,414,0.9534625892455925
571,1618,0.8660254037844386
571,1730,0.9999999999999999
572,179,0.9166666666666665
572,1953,0.9166666666666665
573,486,0.9166666666666665
573,797,0.9166666666666665
574,1163,0.9045340337332909
575,107,0.9045340337332909
576,1705,0.9534625892455924
577,1472,0.9166666666666665
578,18,1.0
578,702,0.9045340337332909
579,1034,0.8017837257372732
580,782,0.957427107756338
581,817,0.9258200997725514
582,424,0.9128709291752768
582,948,0.9128709291752768
583,1731,0.8581163303210332
583,1738,0.9
584,259,0.8581163303210332
584,925,0.7833494518006403
585,118,0.9534625892455924
586,1575,0.8660254037844386
587,1814,0.8451542547285166
587,1889,0.7905694150420949
588,300,0.760638829255665
589,1072,0.8894991799933215
590,1363,1.0
590,1713,1.0
591,413,0.8249579113843054
592,141,0.957427107756338
593,1309,0.9
594,191,0.8807048459279792
595,377,0.9045340337332909
596,1198,0.9198662110077999
597,839,0.8703882797784892
597,1750,0.9045340337332909
598,879,0.9198662110077999
598,1706,0.9230769230769231
599,291,0.9166666666666665
599,1400,0.9258200997725514
600,828,0.957427107756338
601,1755,0.8451542547285166
602,519,0.8181818181818182
603,1120,0.9198662110077999
604,430,0.9128709291752769
605,137,0.957427107756338
605,954,1.0
606,340,0.9534625892455925
606,1376,0.9534625892455925
607,275,0.9354143466934852
607,1358,0.9354143466934852
608,1954,0.8703882797784892
609,7,0.8703882797784892
610,1358,0.9354143466934852
611,850,0.8040302522073697
612,76,0.8366600265340755
613,1201,0.9045340337332909
614,1873,0.9
615,1761,0.8432740427115678
616,1363,0.8888888888888888
617,1036,0.9534625892455925
617,1276,0.9198662110077999
618,1286,0.8819171036881968
619,192,0.957427107756338
619,558,0.9534625892455925
620,531,0.8970852271450604
621,813,0.9230769230769231
622,489,0.9198662110077999
623,747,0.9090909090909092
624,1602,0.9
625,678,0.9285714285714286
626,1952,0.9045340337332909
627,28,0.9258200997725514
627,949,0.957427107756338
628,637,0.8888888888888888
629,922,0.8215838362577491
630,1756,0.9166666666666665
631,1376,0.894427190999916
631,1637,0.9428090415820634
632,1588,0.9128709291752769
633,75,0.8703882797784892
633,777,0.8660254037844386
634,1531,0.9128709291752769
635,175,0.9428090415820634
635,994,1.0
636,1906,1.0
637,750,0.9486832980505138
638,1081,0.9534625892455924
639,251,0.9198662110077999
640,682,0.9607689228305228
640,1700,0.9258200997725514
641,497,0.8819171036881968
641,722,0.9354143466934853
642,46,0.9428090415820634
642,1132,0.894427190999916
643,1348,0.9128709291752769
644,828,0.9534625892455924
645,1954,0.9166666666666665
646,149,0.9534625892455924
646,1171,0.9534625892455924
647,1841,0.9534625892455924
648,260,0.894427190999916
648,425,0.9
649,1657,0.9198662110077999
650,380,0.8660254037844386
651,1778,0.8819171036881968
652,1422,0.894427190999916
653,160,0.9166666666666665
654,1496,0.8581163303210332
655,335,0.9090909090909092
656,733,0.7462025072446365
657,928,0.9607689228305228
657,1041,0.9607689228305228
658,866,0.957427107756338
658,1168,0.9166666666666665
659,385,0.9486832980505138
659,1452,1.0
660,125,0.9534625892455924
661,233,0.8581163303210332
662,341,0.9534625892455925
662,1163,0.9090909090909092
663,1729,0.9045340337332909
664,570,0.9534625892455924
665,1265,0.939336436627724
665,1544,0.939336436627724
666,367,0.9090909090909092
666,1828,0.8703882797784892
667,1490,0.8819171036881968
668,249,0.9198662110077999
669,1533,0.9128709291752768
669,1657,0.8807048459279792
670,1526,0.8703882797784892
670,1754,0.9045340337332909
671,888,0.9128709291752768
671,1454,0.9258200997725514
672,406,0.9428090415820634
672,1584,1.0000000000000002
673,1339,0.9428090415820634
674,1906,1.0
675,1169,0.9045340337332909
676,1297,0.8819171036881968
676,1916,0.9354143466934853
677,1485,0.9198662110077999
677,1631,0.9534625892455925
678,219,0.9285714285714286
679,519,0.8181818181818182
680,854,0.8528028654224418
680,1314,0.9428090415820634
681,764,0.8581163303210332
681,1806,0.9
682,640,0.9607689228305228
682,1192,0.9230769230769231
683,177,0.8040302522073697
684,1406,0.957427107756338
684,1471,0.9258200997725514
685,731,0.8528028654224418
685,1421,0.8058229640253805
686,701,0.8819171036881968
687,560,0.8581163303210332
688,376,0.9090909090909092
688,1286,0.9045340337332909
689,68,0.8181818181818182
689,1253,0.9045340337332909
690,439,0.894427190999916
691,139,0.9166666666666665
691,373,0.8703882797784892
692,1123,0.9309493362512626
692,1700,0.9660917830792959
693,312,0.8432740427115678
694,461,0.9428090415820634
694,1010,0.9045340337332909
695,1305,0.9428090415820634
696,1154,0.8040302522073697
697,1704,0.9607689228305228
698,289,0.9090909090909092
699,1079,0.9607689228305228
699,1343,0.9166666666666665
700,995,0.7826237921249264
701,296,0.9045340337332909
702,1112,0.9534625892455925
702,1179,0.9534625892455925
703,1451,0.9128709291752769
704,976,0.8333333333333334
705,919,0.9166666666666665
705,1312,0.9128709291752768
706,545,0.9999999999999999
706,1920,0.9607689228305228
707,1254,0.9354143466934853
708,63,0.9607689228305228
709,176,0.9198662110077999
710,380,0.9166666666666665
711,1321,0.9090909090909092
712,1220,0.9
713,660,0.9486832980505138
714,1656,0.9258200997725513
714,1832,0.8819171036881968
715,830,0.9999999999999999
715,1102,0.9607689228305228
716,678,0.8571428571428572
716,1759,0.8864052604279185
717,825,0.8581163303210332
718,178,0.9128709291752769
718,1142,0.9486832980505138
719,37,0.9090909090909092
720,1528,0.9
720,1686,0.9
721,1436,0.957427107756338
722,641,0.9354143466934852
722,1074,0.894427190999916
723,442,0.9607689228305228
723,706,0.9607689228305228
724,410,0.8660254037844386
725,1081,0.9534625892455924
725,1665,0.9534625892455924
726,1860,0.9090909090909092
727,1084,0.9428090415820634
727,1655,0.894427190999916
728,132,0.9486832980505138
728,742,1.0
729,1445,0.9198662110077999
730,202,0.9166666666666665
731,577,0.816496580927726
731,685,0.8528028654224418
732,310,0.9230769230769231
732,817,0.8894991799933215
733,1026,0.9198662110077999
733,1875,0.9198662110077999
734,1270,0.9166666666666665
735,1273,0.957427107756338
735,1588,0.957427107756338
736,737,0.9045340337332909
737,40,0.9198662110077999
738,1044,0.9166666666666665
739,7,0.9166666666666665
740,430,0.8807048459279792
741,1376,0.9
742,132,0.9486832980505138
742,728,1.0
743,1918,0.9
744,739,0.9166666666666665
744,896,0.957427107756338
745,1392,0.9607689228305228
746,1384,0.957427107756338
747,745,0.957427107756338
748,581,0.8660254037844386
749,1700,0.9258200997725514
749,1829,0.9258200997725514
750,560,0.9534625892455924
751,385,0.9486832980505138
751,1002,0.9534625892455924
752,1921,0.7777777777777777
753,777,0.9486832980505138
753,1811,0.9128709291752769
754,1593,0.75
755,378,0.8819171036881968
756,538,0.8888888888888888
757,1703,1.0
757,1842,0.9486832980505138
758,518,0.9128709291752769
759,782,0.9128709291752769
759,1242,0.9486832980505138
760,1297,0.9428090415820634
761,919,0.9128709291752769
762,1036,0.894427190999916
762,1905,0.9428090415820634
763,1272,0.816496580927726
763,1592,0.7745966692414833
764,443,0.8703882797784892
765,337,0.9045340337332909
766,376,0.9090909090909092
767,1451,0.9128709291752769
768,352,0.9428090415820634
768,910,1.0000000000000002
769,335,0.8528028654224418
770,606,0.9090909090909092
770,1420,0.9534625892455925
771,119,0.9230769230769231
772,181,0.8807048459279792
773,368,0.8432740427115678
774,1932,0.8017837257372731
775,1542,0.8153742483272114
776,1732,0.9166666666666665
777,346,0.9045340337332909
777,753,0.9486832980505138
778,72,0.9258200997725514
778,305,0.9607689228305228
779,142,0.9090909090909092
780,319,0.9534625892455925
781,1592,0.8581163303210332
782,1505,0.9607689228305228
782,1681,0.9607689228305228
783,1227,0.8581163303210332
784,1127,0.9534625892455924
785,1868,0.957427107756338
786,1422,1.0
787,189,0.8703882797784892
788,87,0.9428090415820634
788,1254,0.9428090415820634
789,1775,0.9486832980505138
790,320,0.9166666666666665
791,141,0.9607689228305228
791,899,0.9230769230769231
792,1650,0.9166666666666665
793,150,0.9428090415820634
793,1835,0.9045340337332909
794,384,0.9090909090909092
795,385,0.8888888888888888
796,448,0.8750000000000001
797,498,0.957427107756338
798,1570,0.9428090415820634
799,560,0.9198662110077999
800,1583,0.894427190999916
801,1938,0.9486832980505138
802,321,0.9486832980505138
803,1738,0.8432740427115678
804,1259,0.8888888888888888
805,1512,0.8703882797784892
806,1882,0.9486832980505138
806,1908,1.0
807,1633,0.894427190999916
808,863,0.9607689228305228
809,28,0.9258200997725514
809,863,0.9607689228305228
810,1505,0.9198662110077999
811,1222,0.9534625892455924
812,1480,0.9090909090909092
812,1782,0.9534625892455925
813,286,0.9230769230769231
813,1033,0.9230769230769231
814,384,0.9045340337332909
814,1618,0.9428090415820634
815,375,0.9486832980505138
816,177,0.8581163303210332
816,1858,0.9128709291752769
817,1369,1.0000000000000002
817,1699,0.9258200997725514
818,811,0.9486832980505138
818,1683,1.0
819,339,0.7826237921249264
819,1904,0.7905694150420949
820,393,0.8807048459279792
821,562,0.8528028654224418
822,670,0.8040302522073697
823,92,0.894427190999916
824,1846,0.8819171036881968
825,886,0.9486832980505138
825,1899,0.9
826,1382,0.8660254037844386
827,859,0.9486832980505138
827,1952,0.9045340337332909
828,80,0.957427107756338
829,1129,1.0
829,1345,0.9534625892455924
830,715,0.9999999999999999
830,1102,0.9607689228305228
831,1239,0.9534625892455924
831,1568,0.9128709291752769
832,1718,0.8581163303210332
833,1438,0.816496580927726
834,217,0.9486832980505138
834,1431,1.0
835,1513,0.9090909090909092
836,1282,0.8432740427115678
837,1615,0.8770580193070293
838,236,0.8807048459279792
839,697,0.9166666666666665
840,1907,0.957427107756338
841,916,1.0
841,1580,0.9198662110077999
842,357,0.9607689228305228
842,1483,0.9607689228305228
843,830,0.8807048459279792
844,1846,0.7453559924999299
845,406,0.9486832980505138
845,1689,0.9486832980505138
846,923,0.9045340337332909
847,600,0.9166666666666665
848,1774,0.816496580927726
849,472,0.8581163303210332
849,1630,0.9045340337332909
850,671,0.8660254037844386
851,420,0.9428090415820634
851,1928,0.9428090415820634
852,974,0.8432740427115678
853,190,1.0
853,1632,0.9486832980505138
854,100,0.957427107756338
855,178,0.9128709291752769
856,401,0.9045340337332909
857,1435,0.9486832980505138
857,1790,0.9128709291752769
858,115,0.8581163303210332
858,1118,0.9
859,827,0.9486832980505138
859,966,0.9
860,1404,0.9198662110077999
860,1582,0.8528028654224418
861,1164,0.9534625892455924
862,1622,0.8366600265340755
862,1808,0.7826237921249265
863,533,0.9607689228305228
863,809,0.9607689228305228
864,956,0.7777777777777777
865,1644,0.894427190999916
866,337,0.9090909090909092
866,658,0.957427107756338
867,414,0.9534625892455925
867,570,0.9090909090909092
868,1920,0.9607689228305228
869,719,0.9090909090909092
870,1280,0.8249579113843054
871,249,0.9198662110077999
872,558,0.9
872,1117,0.9486832980505138
873,1679,0.8581163303210332
874,1636,0.9258200997725514
875,394,0.9428090415820634
876,618,0.8451542547285166
877,1225,0.8432740427115678
878,557,0.8528028654224418
879,598,0.9198662110077999
880,59,0.8819171036881968
880,1054,0.8366600265340755
881,784,0.9
882,248,0.9
883,996,0.894427190999916
884,818,0.9486832980505138
885,1661,0.9090909090909092
886,825,0.9486832980505138
886,1127,0.9045340337332909
887,1112,0.9486832980505138
888,1230,1.0
888,1428,0.9534625892455924
889,1269,0.8451542547285166
890,972,0.9428090415820634
890,1888,1.0000000000000002
891,1734,0.9486832980505138
892,1308,0.9045340337332909
893,1835,0.8703882797784892
894,1318,0.8593378488473195
895,1007,0.8750000000000001
896,80,0.957427107756338
896,744,0.957427107756338
897,1346,0.8888888888888888
898,1704,0.9230769230769231
899,898,0.9230769230769231
900,353,0.9428090415820634
901,1058,0.894427190999916
901,1203,0.8528028654224418
902,457,0.8807048459279792
902,1878,0.957427107756338
903,721,0.9534625892455924
903,1450,1.0
904,332,0.9
905,137,0.9128709291752769
905,366,0.9486832980505138
906,1874,0.8888888888888888
907,449,0.9486832980505138
908,500,0.8807048459279792
909,1128,0.9
909,1500,0.9
910,352,0.9428090415820634
910,768,1.0000000000000002
911,1288,0.8819171036881968
912,1737,0.9354143466934853
913,1639,0.9534625892455924
914,1629,0.894427190999916
915,1485,0.8770580193070293
916,841,1.0
916,1580,0.9198662110077999
917,92,0.9
917,657,0.8770580193070293
918,1423,0.9534625892455924
918,1536,1.0
919,705,0.9166666666666665
919,761,0.9128709291752768
920,265,0.9309493362512626
921,201,0.8819171036881968
921,1522,0.9354143466934853
922,568,0.9166666666666665
922,1791,0.957427107756338
923,522,0.957427107756338
923,1790,0.957427107756338
924,1004,0.8215838362577491
925,1780,0.8703882797784892
926,1633,0.894427190999916
926,1768,0.9428090415820634
927,1218,0.894427190999916
927,1275,0.9428090415820634
928,356,0.9607689228305228
928,657,0.9607689228305228
929,77,0.8581163303210332
929,1955,0.9198662110077999
930,1798,0.9128709291752769
931,402,0.8888888888888888
932,1405,0.9128709291752768
932,1828,0.9166666666666665
933,1092,0.8660254037844386
934,63,0.9607689228305228
934,1732,0.9607689228305228
935,444,0.957427107756338
935,1863,0.9198662110077999
936,801,0.9
937,1307,0.8944271909999157
938,485,0.8685990362153793
938,1510,0.9036961141150639
939,704,0.8333333333333334
940,1829,0.8486684247915054
941,1469,0.9230769230769231
942,1040,0.957427107756338
942,1841,1.0
943,444,0.8944271909999157
944,14,0.9428090415820634
944,448,1.0000000000000002
945,1175,0.816496580927726
946,1332,0.8944271909999157
947,1841,0.9090909090909092
948,1732,0.9128709291752769
949,556,0.957427107756338
949,627,0.957427107756338
950,1400,0.8571428571428572
951,1207,0.9486832980505138
952,697,0.9258200997725514
953,135,0.8451542547285166
954,137,0.957427107756338
954,605,1.0
955,492,0.8660254037844386
955,1545,0.8888888888888888
956,408,0.9045340337332909
957,1179,0.9534625892455925
958,495,0.8888888888888888
959,1920,0.9607689228305228
960,1700,0.9636241116594316
961,427,0.8451542547285166
962,1519,1.0
962,1744,1.0
963,1279,0.957427107756338
964,395,0.8703882797784892
965,1606,0.9428090415820634
966,1906,1.0
967,785,0.9128709291752769
968,59,0.8249579113843054
968,256,0.8528028654224418
969,1012,0.894427190999916
970,98,0.8432740427115678
971,1121,0.7462025072446365
972,1027,0.9486832980505138
973,1741,0.9090909090909092
974,1015,0.9
975,564,0.8660254037844386
976,1236,0.9258200997725513
976,1388,0.9128709291752769
977,1924,0.9090909090909092
978,723,0.9198662110077999
979,1224,0.9354143466934853
980,225,0.957427107756338
980,1241,0.957427107756338
981,1057,0.9428090415820634
981,1855,0.8750000000000001
982,1655,0.9
983,592,0.9045340337332909
983,1172,0.9428090415820634
984,80,0.9128709291752769
985,1450,0.894427190999916
986,877,0.5773502691896257
987,1936,0.8894991799933215
988,533,0.957427107756338
989,1424,0.9258200997725513
989,1659,0.9258200997725513
990,1554,0.9607689228305228
990,1860,0.9198662110077999
991,556,0.9166666666666665
992,1024,0.8581163303210332
993,1717,0.8819171036881968
994,175,0.9428090415820634
994,635,1.0
995,509,0.9
996,1016,0.9486832980505138
997,1234,0.9258200997725514
997,1472,0.9258200997725514
998,414,0.9
999,1267,0.9354143466934853
1000,206,0.9258200997725514
1000,1310,0.8894991799933215
1001,1606,0.8819171036881968
1002,269,0.9090909090909092
1002,751,0.9534625892455925
1003,744,0.8660254037844386
1004,286,0.8807048459279792
1004,1693,0.9999999999999999
1005,1614,0.9045340337332909
1006,381,0.9309493362512627
1007,1461,0.894427190999916
1008,141,0.957427107756338
1009,1644,0.9
1010,1276,0.9198662110077999
1011,190,0.9
1012,896,0.9534625892455924
1013,1072,0.9285714285714286
1013,1471,0.9285714285714286
1014,11,0.8888888888888888
1014,859,0.8432740427115678
1015,962,0.9534625892455924
1016,1228,0.9486832980505138
1017,1688,0.8770580193070293
1018,470,0.9045340337332909
1019,1630,0.8819171036881968
1020,427,0.9354143466934852
1020,1031,0.9428090415820634
1021,1797,0.894427190999916
1022,1920,0.9607689228305228
1023,86,0.9
1024,1588,0.957427107756338
1024,1766,0.9534625892455925
1025,1446,0.9258200997725513
1026,205,0.9607689228305228
1026,1552,0.9198662110077999
1027,1610,0.9534625892455924
1028,30,0.9428090415820634
1028,1227,0.9045340337332909
1029,709,0.9045340337332909
1030,600,0.9128709291752769
1031,1020,0.9428090415820634
1031,1372,0.9045340337332909
1032,1526,0.9128709291752769
1033,813,0.9230769230769231
1033,1299,0.8807048459279792
1034,1845,0.8571428571428569
1035,785,0.9166666666666665
1036,60,0.9
1036,617,0.9534625892455924
1037,646,0.894427190999916
1038,1438,0.8703882797784892
1039,453,0.9128709291752769
1040,393,0.9607689228305228
1040,1688,0.9607689228305228
1041,657,0.9607689228305228
1041,928,0.9166666666666665
1042,291,0.957427107756338
1042,1157,1.0
1043,596,0.8528028654224418
1044,521,0.9166666666666665
1045,211,0.8660254037844386
1046,1092,0.7905694150420949
1047,964,0.8581163303210332
1048,974,0.8432740427115678
1049,1075,0.9230769230769231
1050,1608,0.9486832980505138
1050,1939,0.9128709291752769
1051,660,0.8432740427115678
1052,521,0.9128709291752769
1052,1065,0.9534625892455924
1053,1114,0.8432740427115678
1054,529,0.9486832980505138
1055,1410,0.8703882797784892
1056,1279,0.957427107756338
1056,1528,0.9534625892455925
1057,372,0.8888888888888888
1057,981,0.9428090415820634
1058,210,0.8770580193070293
1058,901,0.894427190999916
1059,1065,0.8181818181818182
1060,1499,0.9486832980505138
1061,142,0.9045340337332909
1062,640,0.8807048459279792
1063,224,0.9486832980505138
1064,83,0.9354143466934852
1064,903,0.894427190999916
1065,1052,0.9534625892455925
1065,1066,0.9045340337332909
1066,1065,0.9045340337332909
1067,69,0.9428090415820634
1067,330,0.9428090415820634
1068,933,0.8333333333333334
1069,337,0.9534625892455924
1069,1389,1.0
1070,1363,0.9486832980505138
1071,1079,0.9198662110077999
1071,1695,1.0
1072,1013,0.9285714285714286
1072,1907,0.9258200997725514
1073,88,0.9486832980505138
1074,1599,0.9128709291752769
1075,531,0.9309493362512627
1076,540,0.8581163303210332
1077,515,0.9198662110077999
1078,1534,0.9534625892455925
1079,699,0.9607689228305228
1079,1854,0.9230769230769231
1080,136,0.9607689228305228
1080,530,0.9166666666666665
1081,638,0.9534625892455925
1081,725,0.9534625892455925
1082,984,0.9
1083,1360,0.9309493362512626
1084,315,0.9045340337332909
1084,727,0.9428090415820634
1085,814,0.8249579113843054
1086,605,0.8181818181818182
1087,1816,0.8888888888888888
1088,522,0.9258200997725514
1089,489,0.8593378488473195
1090,229,0.9534625892455925
1090,1503,0.9198662110077999
1091,1751,0.7559289460184544
1092,1831,0.894427190999916
1093,239,0.8807048459279792
1094,450,0.9354143466934853
1095,1525,0.8249579113843054
1096,237,0.9486832980505138
1096,1715,0.9428090415820634
1097,1290,0.8703882797784892
1097,1653,0.9045340337332909
1098,1103,0.9045340337332909
1099,1199,0.9354143466934853
1100,211,0.9428090415820634
1101,1792,0.9045340337332909
1102,830,0.9607689228305228
1103,1261,0.9534625892455925
1103,1580,0.9198662110077999
1104,706,0.957427107756338
1105,960,0.9198662110077999
1106,1031,0.8888888888888888
1107,764,0.8362420100070909
1108,562,0.7977240352174656
1108,1776,0.8819171036881968
1109,1130,0.9534625892455925
1109,1217,0.9198662110077999
1110,388,0.9534625892455924
1110,1599,0.9128709291752769
1111,1322,0.9534625892455924
1112,702,0.9534625892455924
1112,1601,0.9534625892455924
1113,985,0.8660254037844386
1114,176,0.8770580193070293
1115,848,0.5
1116,1088,0.9258200997725514
1117,118,0.9045340337332909
1117,872,0.9486832980505138
1118,858,0.9
1118,1575,0.894427190999916
1119,1333,0.9534625892455924
1120,1544,0.9309493362512627
1121,894,0.8563488385776752
1122,1134,0.8770580193070293
1122,1170,0.9
1123,706,0.9607689228305228
1124,33,0.8750000000000001
1125,243,0.9428090415820634
1125,1830,0.9428090415820634
1126,620,0.8571428571428572
1126,1290,0.9258200997725514
1127,784,0.9534625892455925
1127,1811,0.957427107756338
1128,909,0.9
1128,1454,0.8451542547285167
1129,829,1.0
1129,1345,0.9534625892455924
1130,1109,0.9534625892455924
1130,1279,0.9128709291752769
1131,1517,0.8888888888888888
1132,6,0.9534625892455924
1132,35,0.9534625892455924
1133,957,0.8528028654224418
1133,1901,0.9354143466934852
1134,530,0.8807048459279792
1135,630,0.8215838362577491
1136,78,0.8215838362577491
1137,891,0.8888888888888888
1138,1220,0.9534625892455925
1138,1360,0.9198662110077999
1139,177,0.7385489458759964
1139,514,0.8164965809277259
1140,834,0.9428090415820634
1141,1451,0.9128709291752769
1142,132,0.9486832980505138
1142,718,0.9486832980505138
1143,1921,0.8819171036881968
1144,1008,0.9534625892455924
1145,200,0.8006407690254357
1146,1221,0.8888888888888888
1147,846,0.8888888888888888
1147,1808,0.9428090415820634
1148,1759,0.8703882797784892
1149,811,0.894427190999916
1149,1764,0.9428090415820634
1150,638,0.9486832980505138
1151,1616,0.9534625892455924
1152,1396,0.9258200997725514
1153,639,0.9045340337332909
1154,677,0.9090909090909092
1155,1854,0.9198662110077999
1156,1677,0.8660254037844386
1157,291,0.957427107756338
1157,1042,1.0
1158,1368,0.9
1159,443,0.8333333333333333
1160,1836,0.8888888888888888
1161,1417,0.9486832980505138
1162,341,0.9128709291752768
1163,1318,0.9198662110077999
1164,1840,0.957427107756338
1165,1136,0.8
1166,570,0.9045340337332909
1167,497,0.8819171036881968
1168,1283,0.9166666666666665
1168,1542,0.9258200997725514
1169,980,0.957427107756338
1170,1122,0.9
1170,1687,0.8
1171,646,0.9534625892455925
1171,1670,0.9090909090909092
1172,983,0.9428090415820634
1172,1008,0.8528028654224418
1173,254,0.9
1174,1077,0.8362420100070909
1175,502,0.8660254037844386
1175,1255,0.8486684247915054
1176,913,0.9
1177,122,0.9045340337332909
1177,274,0.8864052604279183
1178,786,1.0
1178,1422,1.0
1179,702,0.9534625892455924
1180,1234,0.9166666666666665
1181,413,0.9486832980505138
1181,1831,0.9
1182,1914,0.9534625892455924
1183,1914,0.9534625892455924
1184,1641,0.8432740427115678
1185,35,0.9534625892455924
1186,227,0.8770580193070293
1186,1885,0.894427190999916
1187,1178,0.894427190999916
1188,1318,0.9198662110077999
1189,460,0.9534625892455924
1189,684,0.9128709291752769
1190,378,0.8819171036881968
1191,373,0.8703882797784892
1192,682,0.9230769230769231
1193,1336,0.9534625892455925
1194,1853,0.9
1195,1923,0.8819171036881968
1196,1271,0.894427190999916
1197,577,0.8703882797784892
1198,1394,0.9309493362512627
1199,1608,0.9428090415820634
1200,592,0.9534625892455924
1201,735,0.9090909090909092
1202,498,0.9534625892455924
1203,606,0.9090909090909092
1203,1475,0.9090909090909092
1204,192,0.9166666666666665
1205,44,0.8528028654224418
1206,53,1.0
1206,178,0.9128709291752769
1207,1813,0.9486832980505138
1208,573,0.9128709291752769
1209,1353,0.8581163303210332
1210,219,0.9636241116594316
1210,934,0.9230769230769231
1211,321,0.8432740427115678
1212,1696,0.7893522173763263
1213,200,0.8894991799933215
1214,74,0.7745966692414833
1215,595,0.8164965809277259
1216,396,0.8750000000000001
1217,1544,0.9309493362512627
1218,1316,0.9534625892455924
1219,1942,0.9534625892455925
1220,1138,0.9534625892455924
1220,1626,0.9486832980505138
1221,376,0.9045340337332909
1222,1483,0.957427107756338
1223,956,0.8819171036881968
1224,151,0.9428090415820634
1224,979,0.9354143466934852
1225,1907,0.9128709291752769
1226,488,0.9045340337332909
1227,1028,0.9045340337332909
1228,1664,0.9534625892455924
1229,1000,0.8864052604279183
1230,888,1.0
1230,1428,0.9534625892455924
1231,370,0.9198662110077999
1232,786,0.9534625892455925
1233,466,0.8770580193070293
1234,997,0.9258200997725514
1235,1114,0.8432740427115678
1235,1397,0.9045340337332909
1236,976,0.9258200997725513
1236,1388,0.8451542547285166
1237,1267,0.9354143466934853
1237,1587,0.9258200997725513
1238,1492,0.8819171036881968
1238,1876,0.8819171036881968
1239,208,0.9198662110077999
1239,831,0.9534625892455925
1240,760,0.9354143466934853
1241,980,0.957427107756338
1241,1359,0.9534625892455925
1242,742,0.8888888888888888
1242,759,0.9486832980505138
1243,426,0.8581163303210332
1244,126,0.957427107756338
1244,1436,0.9166666666666665
1245,239,0.9258200997725514
1245,621,0.8894991799933215
1246,1105,0.9045340337332909
1247,1386,0.7777777777777777
1248,678,0.9285714285714286
1249,669,0.7637626158259732
1250,1111,0.894427190999916
1251,1110,0.8581163303210332
1252,1915,0.9
1253,689,0.9045340337332909
1253,1322,0.9045340337332909
1254,788,0.9428090415820634
1255,598,0.8894991799933215
1256,623,0.9090909090909092
1256,1531,0.957427107756338
1257,255,0.9045340337332909
1258,1169,0.9534625892455924
1259,420,0.9428090415820634
1260,233,0.9534625892455924
1261,643,0.9
1261,1103,0.9534625892455924
1262,922,0.9166666666666665
1263,440,0.8181818181818182
1264,1562,0.8432740427115678
1265,665,0.9393364366277241
1265,1369,0.8970852271450604
1266,475,0.9486832980505138
1267,999,0.9354143466934852
1267,1237,0.9354143466934852
1268,1949,0.8451542547285166
1269,55,0.8819171036881968
1270,1471,0.9258200997725514
1271,1823,0.9128709291752769
1272,763,0.816496580927726
1272,1622,0.7559289460184544
1273,735,0.957427107756338
1273,1588,0.9166666666666665
1274,174,0.8888888888888888
1275,927,0.9428090415820634
1275,1109,0.9045340337332909
1276,470,0.9198662110077999
1277,167,0.7844645405527362
1278,812,0.9045340337332909
1279,963,0.957427107756338
1279,1056,0.957427107756338
1280,184,0.8750000000000001
1280,1524,0.894427190999916
1281,62,0.8807048459279792
1282,1546,0.9128709291752769
1283,1496,0.957427107756338
1283,1743,0.9999999999999999
1284,799,0.9198662110077999
1285,1101,0.8581163303210332
1286,1928,0.9428090415820634
1287,1073,0.8164965809277259
1288,853,0.9486832980505138
1289,102,0.8888888888888888
1290,776,0.9166666666666665
1290,1126,0.9258200997725514
1291,1228,0.894427190999916
1292,464,0.816496580927726
1293,989,0.8571428571428569
1294,396,0.8660254037844386
1295,1488,0.8894991799933215
1296,118,1.0
1296,518,0.957427107756338
1297,272,0.9486832980505138
1297,1536,0.9486832980505138
1298,1884,0.9258200997725513
1299,863,0.9607689228305228
1300,846,0.8164965809277259
1301,797,0.9128709291752769
1302,1514,0.9354143466934853
1303,38,0.8040302522073697
1304,896,0.9090909090909092
1305,1543,0.9428090415820634
1306,809,0.8703882797784892
1307,240,0.9309493362512626
1308,136,0.9198662110077999
1309,1436,0.9128709291752769
1310,960,0.9230769230769231
1311,838,0.8703882797784892
1312,919,0.9128709291752769
1313,951,0.894427190999916
1314,680,0.9428090415820634
1314,854,0.9045340337332909
1315,386,0.9375
1315,418,0.9013878188659974
1316,1218,0.9534625892455925
1316,1416,0.957427107756338
1317,219,0.8864052604279183
1317,557,0.9090909090909092
1318,1307,0.9309493362512627
1319,1457,0.9534625892455924
1320,1643,0.9354143466934853
1320,1807,0.9999999999999998
1321,1169,0.9090909090909092
1322,523,0.957427107756338
1323,254,0.9534625892455925
1323,524,0.9090909090909092
1324,1809,0.8703882797784892
1325,1870,0.8703882797784892
1326,1479,0.8888888888888888
1327,1510,0.8563488385776752
1328,265,0.8807048459279792
1329,1524,0.8770580193070293
1330,1822,0.9090909090909092
1331,1015,0.9486832980505138
1332,952,0.9258200997725514
1333,1119,0.9534625892455925
1333,1577,0.957427107756338
1334,129,0.9534625892455925
1334,289,1.0
1335,678,0.9258200997725514
1336,1682,0.9534625892455924
1337,1882,0.894427190999916
1338,128,0.9128709291752769
1338,709,0.8581163303210332
1339,352,0.9428090415820634
1340,1302,0.8819171036881966
1341,84,0.9486832980505138
1341,1589,1.0
1342,499,0.9166666666666665
1342,1860,0.957427107756338
1343,1920,0.9607689228305228
1344,336,0.9486832980505138
1345,66,1.0
1345,1823,0.957427107756338
1346,228,0.9045340337332909
1347,1219,0.7977240352174656
1347,1605,0.8017837257372731
1348,370,0.9607689228305228
1348,1840,0.9166666666666665
1349,408,0.957427107756338
1349,1579,0.9258200997725514
1350,1687,0.8366600265340755
1351,1485,0.8770580193070293
1352,559,0.8528028654224418
1353,321,0.9
1354,1759,0.7462025072446365
1355,1938,0.9486832980505138
1356,758,0.9
1357,675,0.8819171036881968
1358,607,0.9354143466934853
1358,1628,0.9354143466934853
1359,1241,0.9534625892455924
1360,202,0.9607689228305228
1360,1436,0.9607689228305228
1361,1610,0.957427107756338
1361,1927,0.9999999999999999
1362,1299,0.8807048459279792
1363,590,1.0
1363,1713,1.0
1364,530,0.957427107756338
1364,980,0.957427107756338
1365,1704,0.9607689228305228
1366,1641,0.8432740427115678
1367,1700,0.9285714285714286
1367,1854,0.9636241116594316
1368,262,0.9534625892455924
1368,1434,0.9486832980505138
1369,817,1.0000000000000002
1369,1699,0.9258200997725514
1370,1121,0.8362420100070909
1371,1769,0.9045340337332909
1372,449,0.9534625892455925
1372,1049,0.9198662110077999
1373,1151,0.9
1374,375,0.8819171036881968
1375,1729,0.9045340337332909
1376,1616,0.9534625892455924
1377,723,0.8807048459279792
1378,647,0.894427190999916
1379,255,0.9090909090909092
1379,561,0.9534625892455925
1380,279,0.8528028654224418
1381,1926,0.9090909090909092
1382,1656,0.8660254037844387
1383,1476,0.8581163303210332
1383,1674,0.894427190999916
1384,746,0.957427107756338
1384,1601,0.957427107756338
1385,158,0.894427190999916
1385,585,0.894427190999916
1386,829,0.8432740427115678
1387,3,0.816496580927726
1388,976,0.9128709291752769
1389,505,0.9534625892455924
1389,1069,1.0
1390,1183,0.8366600265340755
1391,1797,0.894427190999916
1392,220,1.0000000000000002
1392,745,0.9607689228305228
1393,1276,0.9198662110077999
1394,1544,0.9333333333333332
1395,598,0.8461538461538461
1396,1610,0.957427107756338
1397,1235,0.9045340337332909
1397,1257,0.9045340337332909
1398,1823,0.9128709291752769
1399,87,0.9354143466934853
1399,1491,0.9999999999999998
1400,599,0.9258200997725514
1400,1077,0.8894991799933215
1401,1732,0.9166666666666665
1402,1071,0.8581163303210332
1403,134,0.9090909090909092
1404,393,0.8461538461538461
1404,860,0.9198662110077999
1405,932,0.9128709291752769
1406,357,0.957427107756338
1406,684,0.957427107756338
1407,265,0.9198662110077999
1408,487,0.894427190999916
1408,1746,0.894427190999916
1409,1845,0.8571428571428569
1410,1565,0.8807048459279792
1410,1708,0.957427107756338
1411,20,0.957427107756338
1412,899,0.9198662110077999
1412,1872,0.957427107756338
1413,310,0.8770580193070293
1414,295,0.8362420100070909
1415,1918,0.894427190999916
1416,28,0.9258200997725514
1416,1316,0.957427107756338
1417,1015,0.9486832980505138
1417,1779,1.0
1418,518,0.957427107756338
1419,1093,0.8770580193070293
1420,770,0.9534625892455924
1420,778,0.9128709291752769
1421,1394,0.8970852271450604
1422,786,1.0
1422,1178,1.0
1423,269,1.0
1423,1343,0.957427107756338
1424,933,0.8333333333333334
1424,989,0.9258200997725513
1425,1000,0.8864052604279183
1426,140,0.8451542547285166
1427,737,0.8703882797784892
1427,1441,0.957427107756338
1428,1230,0.9534625892455925
1429,1293,0.8571428571428569
1429,1672,0.9354143466934853
1430,1260,0.894427190999916
1431,217,0.9486832980505138
1431,834,1.0
1432,208,0.9230769230769231
1432,501,0.9230769230769231
1433,469,0.9999999999999999
1433,730,0.9166666666666665
1434,1368,0.9486832980505138
1435,647,0.9486832980505138
1435,857,0.9486832980505138
1436,721,0.957427107756338
1436,1360,0.9607689228305228
1437,1615,0.8807048459279792
1438,1770,0.8807048459279792
1439,805,0.8528028654224418
1440,725,0.894427190999916
1440,1792,0.9428090415820634
1441,737,0.9090909090909092
1441,1427,0.957427107756338
1442,1633,0.894427190999916
1443,1180,0.9166666666666665
1444,1775,0.894427190999916
1445,746,0.9198662110077999
1446,1830,0.9354143466934853
1447,1566,0.816496580927726
1448,1578,0.9486832980505138
1449,1054,0.9128709291752768
1450,721,0.9534625892455924
1450,903,1.0
1451,600,0.9166666666666665
1452,385,0.9486832980505138
1452,659,1.0
1453,1681,0.9607689228305228
1454,671,0.9258200997725514
1454,1120,0.8894991799933215
1455,762,0.8660254037844386
1456,419,0.9999999999999999
1456,961,0.7745966692414833
1457,706,0.957427107756338
1457,1610,1.0
1458,1426,0.7745966692414833
1459,589,0.8770580193070293
1460,842,0.9013878188659974
1461,684,0.9128709291752769
1462,750,0.9
1463,1515,0.8750000000000001
1464,939,0.7715167498104596
1465,1664,0.957427107756338
1466,1636,0.9258200997725514
1467,319,0.9534625892455925
1468,1705,0.9198662110077999
1469,249,0.9230769230769231
1469,941,0.9230769230769231
1470,581,0.8807048459279792
1470,1671,0.9230769230769231
1471,1013,0.9285714285714286
1472,952,0.9258200997725514
1472,997,0.9258200997725514
1473,1699,0.9166666666666665
1474,1763,0.9045340337332909
1475,1203,0.9090909090909092
1475,1579,0.8864052604279183
1476,1202,0.9534625892455925
1476,1756,0.957427107756338
1477,757,0.9428090415820634
1478,1732,0.9166666666666665
1478,1770,0.9607689228305228
1479,560,0.9045340337332909
1480,797,0.957427107756338
1481,1795,0.8249579113843054
1482,1444,0.8528028654224418
1483,842,0.9607689228305228
1484,408,0.9534625892455924
1485,466,0.9230769230769231
1486,1499,0.9486832980505138
1487,893,0.8215838362577491
1488,1295,0.8894991799933215
1488,1727,0.9285714285714286
1489,702,0.8581163303210332
1490,1496,0.9045340337332909
1491,87,0.9354143466934853
1491,1399,0.9999999999999998
1492,1929,0.8888888888888888
1493,1331,0.9428090415820634
1494,1345,0.9090909090909092
1495,1083,0.8944271909999157
1495,1900,0.9166666666666665
1496,1743,0.957427107756338
1497,1897,0.8320502943378437
1498,1537,0.8
1499,746,0.9534625892455924
1500,451,0.9486832980505138
1500,671,0.9128709291752769
1501,765,0.8819171036881968
1502,94,0.9
1502,1946,0.8581163303210332
1503,1090,0.9198662110077999
1504,1032,0.9128709291752768
1505,782,0.9607689228305228
1505,1681,0.9230769230769231
1506,137,0.9999999999999999
1506,1941,0.957427107756338
1507,1947,0.8703882797784892
1508,1515,0.8017837257372731
1509,362,0.9534625892455924
1510,665,0.8767140075192092
1510,938,0.9036961141150639
1511,1596,0.8362420100070909
1512,39,0.9128709291752768
1513,861,0.9534625892455925
1514,1363,0.9428090415820634
1515,767,0.894427190999916
1515,1658,0.9354143466934852
1516,1941,0.9534625892455924
1517,504,0.9045340337332909
1518,934,0.9198662110077999
1519,1744,1.0
1520,559,0.7977240352174656
1521,1001,0.8571428571428569
1522,921,0.9354143466934852
1522,1218,0.894427190999916
1523,543,0.8888888888888888
1523,1538,0.9486832980505138
1524,1280,0.894427190999916
1524,1696,0.8770580193070293
1525,99,0.9428090415820634
1525,1701,0.9045340337332909
1526,1577,0.9166666666666665
1527,269,0.957427107756338
1528,289,0.9534625892455924
1529,1802,0.8819171036881968
1530,485,0.9354143466934854
1530,1315,0.875
1531,721,0.957427107756338
1531,1256,0.957427107756338
1532,623,0.9045340337332909
1533,198,0.894427190999916
1533,669,0.9128709291752769
1534,225,0.9534625892455924
1535,948,0.9
1536,918,1.0
1536,1423,0.9534625892455924
1537,287,0.8770580193070293
1537,480,0.9534625892455924
1538,1368,0.9
1538,1523,0.9486832980505138
1539,853,0.9
1540,1681,0.9198662110077999
1540,1907,0.957427107756338
1541,344,0.8888888888888888
1542,1168,0.9258200997725514
1542,1307,0.8970852271450604
1543,1528,0.9486832980505138
1544,665,0.9393364366277241
1545,526,0.8819171036881966
1545,955,0.8888888888888888
1546,1914,0.957427107756338
1547,1073,0.8819171036881968
1548,725,0.9486832980505138
1549,1483,0.9128709291752769
1550,1685,0.8750000000000001
1551,343,0.9534625892455925
1551,1854,0.9198662110077999
1552,1026,0.9198662110077999
1553,1835,0.8581163303210332
1554,990,0.9607689228305228
1554,1850,0.957427107756338
1555,730,0.8807048459279792
1556,783,0.6324555320336759
1557,732,0.8807048459279792
1558,554,0.894427190999916
1559,444,0.8807048459279792
1560,1092,0.8750000000000001
1560,1767,0.894427190999916
1561,490,0.8888888888888888
1562,115,0.9534625892455924
1562,640,0.9128709291752769
1563,762,0.8660254037844386
1564,63,0.957427107756338
1565,1410,0.8807048459279792
1566,1560,0.8660254037844386
1567,302,0.8432740427115678
1568,452,0.9258200997725514
1568,745,0.9166666666666665
1569,636,1.0
1570,1548,0.9428090415820634
1571,296,0.9534625892455924
1571,1112,0.9
1572,1103,0.9090909090909092
1573,129,0.9
1574,433,0.8017837257372731
1575,1118,0.894427190999916
1576,1797,0.9534625892455925
1577,684,0.9166666666666665
1577,1333,0.957427107756338
1578,1697,1.0
1578,1914,0.9534625892455924
1579,1349,0.9258200997725514
1580,522,0.9607689228305228
1580,1544,0.9309493362512627
1581,1806,0.9
1582,311,0.894427190999916
1583,1273,0.9128709291752769
1584,406,0.9428090415820634
1584,672,1.0000000000000002
1585,965,0.9354143466934853
1586,208,0.8807048459279792
1587,1237,0.9258200997725513
1588,735,0.957427107756338
1588,1024,0.957427107756338
1589,84,0.9486832980505138
1589,1341,1.0
1590,1793,0.8017837257372731
1591,1812,0.8249579113843054
1592,1645,0.8581163303210332
1593,993,0.7559289460184544
1594,264,0.9
1594,450,0.894427190999916
1595,1088,0.9258200997725514
1596,1418,0.9198662110077999
1597,1802,0.8819171036881968
1598,1601,0.9534625892455924
1599,1616,0.957427107756338
1600,756,0.8888888888888888
1601,329,0.9534625892455925
1601,1384,0.957427107756338
1602,1811,0.9128709291752769
1603,1854,0.8770580193070293
1604,538,0.8819171036881968
1605,1238,0.8017837257372732
1605,1347,0.8017837257372732
1606,1112,0.9486832980505138
1607,1524,0.8581163303210332
1608,1050,0.9486832980505138
1608,1199,0.9428090415820634
1609,258,0.8819171036881968
1610,1361,0.957427107756338
1610,1457,1.0
1611,1629,0.9486832980505138
1611,1822,0.9045340337332909
1612,978,0.8528028654224418
1613,1024,0.9534625892455924
1613,1753,0.9534625892455924
1614,286,0.9198662110077999
1615,898,0.9230769230769231
1616,959,0.957427107756338
1617,1228,0.8581163303210332
1618,814,0.9428090415820634
1618,1452,0.894427190999916
1619,1725,0.8660254037844386
1620,1629,0.9
1621,1102,0.8894991799933215
1622,862,0.8366600265340755
1622,1808,0.8017837257372731
1623,1281,0.7637626158259732
1624,1708,0.9090909090909092
1625,1517,0.8819171036881968
1626,364,1.0
1626,636,0.9486832980505138
1627,1908,0.9428090415820634
1628,1016,0.9428090415820634
1629,1361,0.9128709291752769
1629,1611,0.9486832980505138
1630,590,0.8888888888888888
1630,849,0.9045340337332909
1631,677,0.9534625892455924
1631,1796,0.9486832980505138
1632,853,0.9486832980505138
1633,1873,0.9
1634,1224,0.7826237921249265
1635,36,0.9
1636,545,0.9258200997725514
1637,631,0.9428090415820634
1637,770,0.9045340337332909
1638,624,0.8432740427115678
1639,913,0.9534625892455925
1639,1840,0.957427107756338
1640,1349,0.9166666666666665
1641,497,0.9486832980505138
1641,1900,0.9128709291752769
1642,792,0.8660254037844386
1642,1781,0.8888888888888888
1643,385,0.9428090415820634
1644,522,0.9128709291752769
1645,533,0.8703882797784892
1646,1409,0.8451542547285166
1647,1782,0.894427190999916
1648,119,0.9198662110077999
1649,1580,0.9198662110077999
1650,121,0.9607689228305228
1650,1790,0.9166666666666665
1651,1726,0.894427190999916
1652,207,0.9128709291752769
1653,1097,0.9045340337332909
1653,1702,0.8888888888888888
1654,1568,0.8660254037844386
1655,515,0.9534625892455924
1656,714,0.9258200997725513
1656,1382,0.8660254037844386
1657,121,0.9230769230769231
1658,1253,0.8819171036881968
1658,1515,0.9354143466934853
1659,989,0.9258200997725513
1660,1220,0.9486832980505138
1661,1882,0.9534625892455925
1662,1568,0.9128709291752769
1663,1611,0.8249579113843054
1664,697,0.957427107756338
1665,725,0.9534625892455925
1666,236,0.9198662110077999
1667,1066,0.8164965809277259
1668,160,0.8807048459279792
1669,1643,0.8249579113843054
1670,1546,0.957427107756338
1671,1255,0.8894991799933215
1671,1470,0.9230769230769231
1672,865,0.8750000000000001
1672,1429,0.9354143466934852
1673,288,0.894427190999916
1674,1383,0.894427190999916
1674,1476,0.8528028654224418
1675,490,0.9045340337332909
1676,532,0.9258200997725513
1676,1755,0.9258200997725513
1677,1650,0.9166666666666665
1678,851,0.8249579113843054
1679,1079,0.9198662110077999
1680,1245,0.8864052604279183
1680,1741,0.9090909090909092
1681,379,0.9607689228305228
1681,1453,0.9607689228305228
1682,20,0.957427107756338
1682,292,1.0
1683,818,1.0
1683,1906,0.9486832980505138
1684,1463,0.8750000000000001
1685,1918,0.894427190999916
1686,222,0.9
1686,720,0.9
1687,1134,0.8770580193070293
1688,1040,0.9607689228305228
1688,1920,0.9230769230769231
1689,845,0.9486832980505138
1689,1450,0.9486832980505138
1690,1090,0.9045340337332909
1691,387,0.8528028654224418
1692,164,0.8888888888888888
1693,1004,0.9999999999999999
1693,1615,0.8807048459279792
1694,18,0.8888888888888888
1694,198,0.9428090415820634
1695,1071,1.0
1695,1079,0.9198662110077999
1696,1283,0.8807048459279792
1697,1578,1.0
1697,1914,0.9534625892455924
1698,447,0.8320502943378437
1699,173,0.9607689228305228
1699,1369,0.9258200997725514
1700,692,0.9660917830792959
1700,960,0.9636241116594316
1701,962,0.9090909090909092
1701,1942,0.9534625892455925
1702,1653,0.8888888888888888
1702,1731,0.9045340337332909
1703,757,1.0
1703,1842,0.9486832980505138
1704,72,0.9636241116594316
1705,782,0.957427107756338
1706,181,0.9230769230769231
1706,598,0.9230769230769231
1707,1840,0.9166666666666665
1708,1410,0.957427107756338
1708,1624,0.9090909090909092
1709,504,0.957427107756338
1709,1369,0.9258200997725514
1710,1874,0.8819171036881968
1711,1582,0.8660254037844386
1712,1697,0.9486832980505138
1713,590,1.0
1714,1183,0.9486832980505138
1715,1703,0.9428090415820634
1716,866,0.9045340337332909
1717,504,0.9045340337332909
1718,494,0.9128709291752769
1718,1760,0.9486832980505138
1719,393,0.9198662110077999
1720,113,0.9
1721,1194,0.9
1722,1734,1.0
1723,1127,0.9045340337332909
1724,1722,1.0
1724,1734,1.0
1725,1858,0.8660254037844386
1726,1396,0.9128709291752769
1727,513,0.8894991799933215
1727,1488,0.9285714285714286
1728,72,1.0000000000000002
1728,1704,0.9636241116594316
1729,606,0.9090909090909092
1730,571,0.9999999999999999
1730,1618,0.8660254037844386
1731,1599,0.8703882797784892
1731,1702,0.9045340337332909
1732,370,0.9607689228305228
1733,173,0.8807048459279792
1734,1722,1.0
1734,1724,1.0
1735,263,0.8819171036881968
1736,33,0.894427190999916
1737,1302,0.9354143466934852
1738,583,0.9
1738,1882,0.9
1739,789,0.9486832980505138
1739,1775,1.0
1740,1260,0.894427190999916
1741,973,0.9090909090909092
1741,1680,0.9090909090909092
1742,662,0.8528028654224418
1743,1283,0.9999999999999999
1743,1496,0.957427107756338
1744,962,1.0
1744,1519,1.0
1745,488,0.9534625892455924
1746,1724,0.9
1747,106,0.9258200997725514
1747,1900,0.9166666666666665
1748,1948,0.8528028654224418
1749,937,0.8703882797784892
1750,597,0.9045340337332909
1750,1127,0.9045340337332909
1751,632,0.8366600265340755
1752,1195,0.8451542547285166
1753,1613,0.9534625892455925
1753,1745,0.9534625892455925
1754,670,0.9045340337332909
1754,756,0.8888888888888888
1755,1477,0.9354143466934853
1756,1436,0.9166666666666665
1756,1476,0.957427107756338
1757,923,0.9045340337332909
1758,501,0.9230769230769231
1758,1510,0.8593378488473195
1759,716,0.8864052604279183
1759,1148,0.8703882797784892
1760,1517,0.8888888888888888
1760,1718,0.9486832980505138
1761,149,0.9534625892455924
1762,1644,0.9
1763,570,0.9090909090909092
1764,1149,0.9428090415820634
1764,1913,0.9428090415820634
1765,963,0.9198662110077999
1766,1334,0.9534625892455924
1767,97,0.8581163303210332
1767,1560,0.894427190999916
1768,923,0.9045340337332909
1768,926,0.9428090415820634
1769,265,0.9198662110077999
1770,1102,0.9230769230769231
1770,1478,0.9607689228305228
1771,312,0.894427190999916
1771,1945,0.8750000000000001
1772,546,0.9534625892455924
1773,101,0.9
1774,567,0.9258200997725513
1774,865,0.8660254037844386
1775,789,0.9486832980505138
1775,1739,1.0
1776,1108,0.8819171036881966
1776,1699,0.8660254037844386
1777,1016,0.8888888888888888
1778,400,1.0
1778,1922,1.0
1779,966,0.9486832980505138
1779,1417,1.0
1780,1486,0.9045340337332909
1780,1834,0.957427107756338
1781,63,0.8660254037844386
1781,1642,0.8888888888888888
1782,141,0.9128709291752769
1782,812,0.9534625892455924
1783,906,0.8888888888888888
1784,1688,0.9198662110077999
1785,1305,0.8750000000000001
1786,746,0.9090909090909092
1787,22,0.9128709291752769
1787,884,0.9
1788,1905,0.9045340337332909
1789,262,0.9090909090909092
1790,233,0.957427107756338
1790,923,0.957427107756338
1791,480,0.9090909090909092
1791,922,0.957427107756338
1792,1101,0.9045340337332909
1792,1440,0.9428090415820634
1793,1523,0.8249579113843054
1794,976,0.7071067811865475
1795,324,0.9428090415820634
1795,1084,0.8888888888888888
1796,1631,0.9486832980505138
1797,66,0.9534625892455924
1798,207,0.9166666666666665
1799,1892,0.894427190999916
1800,997,0.8894991799933215
1801,1910,0.816496580927726
1802,1679,0.9045340337332909
1803,1675,0.9045340337332909
1804,1741,0.9090909090909092
1805,1120,0.9230769230769231
1806,681,0.9
1806,1581,0.9
1807,1320,0.9999999999999998
1807,1643,0.9354143466934853
1808,967,0.894427190999916
1808,1147,0.9428090415820634
1809,1155,0.9090909090909092
1810,1659,0.7071067811865475
1811,408,0.957427107756338
1811,1127,0.957427107756338
1812,41,0.8432740427115678
1812,511,0.8819171036881966
1813,134,0.9534625892455924
1813,1207,0.9486832980505138
1814,587,0.8451542547285166
1814,1402,0.8366600265340755
1815,958,0.8819171036881968
1816,1144,0.9486832980505138
1817,1920,0.9607689228305228
1818,428,0.8528028654224418
1819,521,0.9128709291752769
1820,1440,0.8249579113843054
1821,794,0.8703882797784892
1822,494,0.957427107756338
1822,1330,0.9090909090909092
1823,1345,0.957427107756338
1824,607,0.894427190999916
1825,318,0.8864052604279183
1826,633,0.816496580927726
1827,211,0.9354143466934853
1827,450,0.9354143466934853
1828,932,0.9166666666666665
1828,1405,0.9128709291752768
1829,749,0.9258200997725514
1829,1307,0.8970852271450604
1830,1125,0.9428090415820634
1831,453,0.9128709291752769
1832,298,0.9045340337332909
1833,887,0.8819171036881968
1834,959,0.9166666666666665
1834,1780,0.957427107756338
1835,20,0.957427107756338
1836,102,0.8888888888888888
1837,854,0.9198662110077999
1838,1803,0.8888888888888888
1839,339,0.894427190999916
1840,1164,0.957427107756338
1840,1639,0.957427107756338
1841,942,1.0
1841,1040,0.957427107756338
1842,1841,0.9534625892455924
1843,1850,0.9534625892455924
1844,380,0.9166666666666665
1845,1928,0.9354143466934853
1846,1784,0.9045340337332909
1847,236,0.8770580193070293
1847,549,0.9
1848,1073,0.8819171036881968
1849,1111,0.7745966692414833
1850,545,0.957427107756338
1851,230,0.8819171036881968
1852,938,0.82915619758885
1853,146,0.9486832980505138
1853,1180,0.9128709291752769
1854,1079,0.9230769230769231
1854,1367,0.9636241116594316
1855,981,0.8750000000000001
1856,135,0.9354143466934852
1856,1131,0.8249579113843054
1857,543,0.9486832980505138
1857,1335,0.9128709291752769
1858,188,0.8944271909999157
1858,816,0.9128709291752768
1859,1658,0.8451542547285166
1860,499,0.957427107756338
1860,1342,0.957427107756338
1861,1677,0.8660254037844386
1862,1625,0.8819171036881966
1863,443,0.9607689228305228
1863,935,0.9198662110077999
1864,1779,0.9428090415820634
1865,1197,0.8181818181818182
1866,622,0.8040302522073697
1867,708,0.9198662110077999
1868,1279,0.957427107756338
1869,163,0.9
1869,1885,0.894427190999916
1870,1872,0.8703882797784892
1871,1924,0.9045340337332909
1872,1412,0.957427107756338
1872,1636,0.9258200997725514
1873,399,0.9534625892455924
1873,1279,0.9128709291752769
1874,1200,0.9486832980505138
1875,733,0.9198662110077999
1875,1471,0.8894991799933215
1876,732,0.8320502943378437
1876,1238,0.8819171036881966
1877,1721,0.9
1878,230,0.9045340337332909
1878,902,0.957427107756338
1879,742,0.8819171036881968
1880,1568,0.8703882797784892
1881,1653,0.8164965809277259
1882,506,0.9534625892455924
1882,1661,0.9534625892455924
1883,847,0.9166666666666665
1884,1339,0.9354143466934853
1885,1186,0.894427190999916
1885,1633,0.894427190999916
1886,1616,0.9090909090909092
1887,1906,1.0
1888,818,0.9428090415820634
1888,890,1.0000000000000002
1889,884,0.894427190999916
1890,603,0.9090909090909092
1891,160,0.8703882797784892
1891,244,0.9090909090909092
1892,365,0.9428090415820634
1892,1799,0.894427190999916
1893,949,0.9045340337332909
1894,1319,0.9
1895,1684,0.8017837257372731
1896,1185,0.9
1897,383,0.8894991799933215
1898,582,0.8660254037844386
1899,825,0.9
1900,1495,0.9166666666666665
1900,1747,0.9166666666666665
1901,846,0.8819171036881968
1901,1133,0.9354143466934853
1902,1207,0.8819171036881968
1903,223,0.9428090415820634
1904,769,0.7905694150420949
1904,819,0.7905694150420949
1905,762,0.9428090415820634
1905,1788,0.9045340337332909
1906,1569,1.0
1907,840,0.957427107756338
1907,1540,0.957427107756338
1908,806,1.0
1908,1882,0.9486832980505138
1909,505,0.9534625892455924
1910,1446,0.9258200997725513
1911,671,0.9128709291752769
1912,1686,0.8366600265340755
1913,1764,0.9428090415820634
1914,1365,0.957427107756338
1915,214,0.9
1915,1252,0.9
1916,676,0.9354143466934852
1916,1132,0.894427190999916
1917,42,0.9
1918,1266,0.9
1919,20,0.957427107756338
1919,546,1.0
1920,1728,0.9636241116594316
1921,1103,0.9045340337332909
1922,1778,1.0
1923,526,0.8819171036881966
1924,141,0.957427107756338
1925,678,0.8451542547285167
1926,1210,0.9198662110077999
1927,1361,0.9999999999999999
1927,1610,0.957427107756338
1928,851,0.9428090415820634
1928,1286,0.9428090415820634
1929,646,0.9486832980505138
1930,729,0.7627700713964739
1931,1448,0.9428090415820634
1932,1680,0.8528028654224418
1933,248,0.9534625892455925
1934,65,0.8215838362577491
1934,180,0.8581163303210332
1935,1648,0.8703882797784892
1936,1394,0.8970852271450604
1937,42,0.9
1937,1722,0.9
1938,1906,0.9486832980505138
1939,35,0.957427107756338
1939,337,0.957427107756338
1940,1358,0.8571428571428569
1941,137,0.957427107756338
1942,1219,0.9534625892455924
1942,1701,0.9534625892455924
1943,3,0.816496580927726
1944,1606,0.8040302522073697
1945,1771,0.8750000000000001
1946,460,0.9090909090909092
1947,1202,0.9128709291752768
1948,1260,0.9534625892455925
1949,402,0.8819171036881968
1950,1834,0.8660254037844386
1951,462,0.8750000000000001
1951,1789,0.8528028654224418
1952,960,0.9198662110077999
1953,1519,0.957427107756338
1954,792,0.9166666666666665
1955,929,0.9198662110077999
1955,943,0.8593378488473195
